_id,category,slug,current_seoTitle,current_seoDesc,new_seoTitle,new_seoDesc
21dd4b6c-e23a-4440-ae85-b234c9ca57ac-ja,tool,ai-avatar-generator,AI AI Avatar Generator — プロフェッショナルなデザインを瞬時に作成 | Lovart,AI を活用したアバターと仮想キャラクターを作成します。ビデオやデジタル コンテンツ用に、本物そっくりのデジタル プレゼンター、ブランドの広報担当者、クリエイテ,AIアバタージェネレーター | Lovartの無料ツール,AI を活用したアバターと仮想キャラクターを作成します。ビデオやデジタル コンテンツ用に、本物そっくりのデジタル プレゼンター、ブランドの広報担当者、クリエイティブ キャラクターを生成します。
3a6e478d-6305-4ae5-8810-3b40d8217451-ja,tool,image-to-video,AI Image To Video — プロフェッショナルなデザインを瞬時に作成 | Lovart,AIで静止画をアニメーション動画に変換します。映画のようなモーション、深度効果、要素アニメーションを追加します。ソーシャルメディアやWebコンテンツに最適です。,画像からビデオへの | Lovartの無料ツール,AIで静止画をアニメーション動画に変換します。映画のようなモーション、深度効果、要素アニメーションを追加します。ソーシャルメディアやWebコンテンツに最適です。
73328639-b683-4758-9516-66f864b97d9a-ja,tool,ai-design-agent,AI AI Design Agent — プロフェッショナルなデザインを瞬時に作成 | Lovart,Lovart の AI Design Agent は、調査、戦略から設計、提供に至るまで、完全なクリエイティブ プロジェクトを自律的に管理します。概要を説明し、,AIデザインエージェント | Lovartの無料ツール,Lovart の AI Design Agent は、調査、戦略から設計、提供に至るまで、完全なクリエイティブ プロジェクトを自律的に管理します。概要を説明し、動作を確認します。
87dfcbaa-1526-4595-81ce-abe660c0e9b8-ja,tool,hailuo-2-3-ai-video-generator,AI Hailuo 2 3 AI Video Generator — プロフェッショナルなデザインを瞬時に作成 | Lovart,Lovart の Hailuo 2.3 を使用して、リアルな日常動作ビデオを生成します。 AI を活用したビデオ生成を使用して、自然なライフスタイル コンテンツ,Hailuo 2.3 ビデオ ジェネレーター | Lovartの無料ツール,Lovart の Hailuo 2.3 を使用して、リアルな日常動作ビデオを生成します。 AI を活用したビデオ生成を使用して、自然なライフスタイル コンテンツや製品デモを作成します。
tools-ai-art-generator-ja,tool,ai-art-generator,AI AI Art Generator — プロフェッショナルなデザインを瞬時に作成 | Lovart,AIでテキスト記述からオリジナルアートワークを生成。古典から現代まで、あらゆるスタイルで絵画、イラスト、デジタル アートを作成します。,AIアートジェネレーター | Lovartの無料ツール,AIでテキスト記述からオリジナルアートワークを生成。古典から現代まで、あらゆるスタイルで絵画、イラスト、デジタル アートを作成します。
tools-ai-baby-podcast-generator-ja,tool,ai-baby-podcast-generator,AI AI Baby Podcast Generator — プロフェッショナルなデザインを瞬時に作成 | Lovart,AIで愛らしい赤ちゃんの声コンテンツを生成。育児ポッドキャスト、童話、バイラルなソーシャル クリップを作成し、オンデマンドで自然な赤ちゃんのナレーションを作成し,Baby ポッドキャスト ジェネレーター | Lovartの無料ツール,AIで愛らしい赤ちゃんの声コンテンツを生成。育児ポッドキャスト、童話、バイラルなソーシャル クリップを作成し、オンデマンドで自然な赤ちゃんのナレーションを作成します。
tools-ai-background-generator-ja,tool,ai-background-generator,AI AI Background Generator — プロフェッショナルなデザインを瞬時に作成 | Lovart,製品写真、ポートレート、クリエイティブ プロジェクト用に写実的な背景を生成します。あらゆるシーンやスタイルを記述すると、AI がそれに一致する背景を数秒で作成し,AI背景ジェネレーター | Lovartの無料ツール,製品写真、ポートレート、クリエイティブ プロジェクト用に写実的な背景を生成します。あらゆるシーンやスタイルを記述すると、AI がそれに一致する背景を数秒で作成します。
tools-ai-face-swap-ja,tool,ai-face-swap,AI AI Face Swap — プロフェッショナルなデザインを瞬時に作成 | Lovart,AI の精度で写真内の顔を交換します。自然光のマッチング、シームレスなブレンド - クリエイティブなプロジェクトやソーシャル コンテンツに最適です。,AI顔交換 | Lovartの無料ツール,AI の精度で写真内の顔を交換します。自然光のマッチング、シームレスなブレンド - クリエイティブなプロジェクトやソーシャル コンテンツに最適です。
tools-ai-picture-generator-ja,tool,ai-picture-generator,AI画像生成 | テキストからプロ品質の画像を瞬時に作成 | Lovart,テキストを入力するだけで高品質な画像を生成。SNS・プレゼン・Webデザインに対応。スタイル指定・バリエーション展開も自由自在。今すぐ無料でお試しください。,AI画像生成 | Lovartの無料ツール,テキストを入力するだけで高品質な画像を生成。SNS・プレゼン・Webデザインに対応。スタイル指定・バリエーション展開も自由自在。今すぐ無料でお試しください。
tools-ai-poster-maker-free-ja,tool,ai-poster-maker-free,AIポスターメーカー 無料 | プロ品質のポスターを瞬時に作成 | Lovart,テキストを入力するだけでプロ品質のポスターを無料で生成。イベント・セール・採用に。デザインスキル不要。今すぐ無料でお試しください。,AIポスターメーカー（無料） | Lovartの無料ツール,テキストを入力するだけでプロ品質のポスターを無料で生成。イベント・セール・採用に。デザインスキル不要。今すぐ無料でお試しください。
tools-ai-poster-maker-ja,tool,ai-poster-maker,AI AI Poster Maker — プロフェッショナルなデザインを瞬時に作成 | Lovart,AI Poster Generator — Design Professional Posters in Seconds  Turn any idea into,[JA] ai-poster-maker | Lovartの無料ツール,"AI Poster Generator — Design Professional Posters in Seconds  Turn any idea into a poster. Type a description, pick a size, and Lovart's AI Design Age"
tools-ai-video-ad-generator-seedance-ja,tool,ai-video-ad-generator-seedance,AI AI Video Ad Generator Seedance — プロフェッショナルなデザインを瞬時に作成 | Lovart,Seedance AI モーションを利用して、パフォーマンスの高い動画広告を生成します。 TikTok、Meta、YouTube 向けのプレミアム モーションを,Seedance 動画広告ジェネレーター | Lovartの無料ツール,Seedance AI モーションを利用して、パフォーマンスの高い動画広告を生成します。 TikTok、Meta、YouTube 向けのプレミアム モーションを備えたカタログ規模の商品広告を作成します。
tools-ai-video-generator-ja,tool,ai-video-generator,AI AI Video Generator — プロフェッショナルなデザインを瞬時に作成 | Lovart,AIで画像とテキストから動画コンテンツを生成。製品の写真をショーケースビデオに変え、説明からソーシャルクリップを作成します。編集スキルは必要ありません。,Video Generator | Lovartの無料ツール,AIで画像とテキストから動画コンテンツを生成。製品の写真をショーケースビデオに変え、説明からソーシャルクリップを作成します。編集スキルは必要ありません。
tools-seedance-2-ai-video-ad-generator-high-conversion-ja,tool,seedance-2-ai-video-ad-generator-high-conversion,AI Seedance 2 AI Video Ad Generator High Conversion — プロフェッショナルなデザインを瞬時に作成 | Lovart,AI を使用してコンバージョン率の高い動画広告を生成します。実績のある CTA へのフック構造を使用して、TikTok、メタ、YouTube の広告を作成します,AI動画広告ジェネレーター | Lovartの無料ツール,AI を使用してコンバージョン率の高い動画広告を生成します。実績のある CTA へのフック構造を使用して、TikTok、メタ、YouTube の広告を作成します。クリエイティブを大規模に A/B テストします。
tools-seedance-2-ai-video-generator-ja,tool,seedance-2-ai-video-generator,AI Seedance 2 AI Video Generator — プロフェッショナルなデザインを瞬時に作成 | Lovart,Lovart で Seedance 2.0 を使用して商用製品ビデオを生成します。 AI が製品写真から製品ローテーション、ビューティーショット、キャンペーンビ,Seedance 2.0 ビデオ ジェネレーター | Lovartの無料ツール,Lovart で Seedance 2.0 を使用して商用製品ビデオを生成します。 AI が製品写真から製品ローテーション、ビューティーショット、キャンペーンビデオを作成します。
tools-swap-to-video-ja,tool,swap-to-video,AI Swap To Video — プロフェッショナルなデザインを瞬時に作成 | Lovart,AI を使用して、顔を交換した画像をアニメーション ビデオ クリップに変換します。自然な動き、表情、シーンのコンテキストを追加します。ソーシャル コンテンツやク,Swap to Video | Lovartの無料ツール,AI を使用して、顔を交換した画像をアニメーション ビデオ クリップに変換します。自然な動き、表情、シーンのコンテキストを追加します。ソーシャル コンテンツやクリエイティブなプロジェクトに最適です。
tools-veo3.1-ja,tool,veo3.1,AI Veo3.1 — プロフェッショナルなデザインを瞬時に作成 | Lovart,Lovart で Veo 3.1 を使用して、人間の自然な動きと現実的な物理学を備えたビデオを生成します。 AI エージェントは、Sora 2 および Seed,Veo 3.1 ビデオ ジェネレーター | Lovartの無料ツール,Lovart で Veo 3.1 を使用して、人間の自然な動きと現実的な物理学を備えたビデオを生成します。 AI エージェントは、Sora 2 および Seedance と連携して完全なキャンペーンを実現します。
tools-virtual-actor-creation-ja,tool,virtual-actor-creation,AI Virtual Actor Creation — プロフェッショナルなデザインを瞬時に作成 | Lovart,ビデオ コンテンツ用に本物のような AI 仮想アクターを作成します。トレーニング、マーケティング、クリエイティブ プロジェクト向けに、自然な表現を備えたリアルな,バーチャル アクター ジェネレーター | Lovartの無料ツール,ビデオ コンテンツ用に本物のような AI 仮想アクターを作成します。トレーニング、マーケティング、クリエイティブ プロジェクト向けに、自然な表現を備えたリアルなパフォーマーを生成します。
