slug,upgrade_label,tier,card_evidence,card_brief,body_deep_rewrite,cluster,qa_i18n
freepik-ai-image-generator-review,pillar_candidate,A_top_100_signal_refresh,ready,ready,pending,pending,pending
complete-guide-consistent-ai-character-design,pillar_candidate,A_top_100_signal_refresh,ready,ready,pending,pending,pending
complete-guide-ai-animal-pet-portrait-generation,deep_refresh_candidate,B_indexed_or_visible_refresh,ready,ready,pending,pending,pending
complete-guide-ai-video-model-selection-2026,deep_refresh_candidate,C_long_tail_low_value_review,ready,ready,pending,pending,pending
ai-branding-design,pillar_candidate,A_top_100_signal_refresh,ready,ready,pending,pending,pending
what-is-civitai-red,pillar_candidate,A_top_100_signal_refresh,ready,ready,pending,pending,pending
ai-poster-prompts-tutorial,pillar_candidate,A_top_100_signal_refresh,ready,ready,pending,pending,pending
craiyon-ai-review,pillar_candidate,A_top_100_signal_refresh,ready,ready,pending,pending,pending
text-art-ascii-tools-compared,pillar_candidate,A_top_100_signal_refresh,ready,ready,pending,pending,pending
10-best-ai-video-editing-tools-2026,pillar_candidate,A_top_100_signal_refresh,ready-auto,ready-auto,pending,pending,pending
krea-ai-video-generator-review,pillar_candidate,A_top_100_signal_refresh,ready-auto,ready-auto,pending,pending,pending
runway-alternatives,pillar_candidate,A_top_100_signal_refresh,ready-auto,ready-auto,pending,pending,pending
pika-ai-review-2025-ai-video-generation-platform-hands-on-test,pillar_candidate,A_top_100_signal_refresh,ready-auto,ready-auto,pending,pending,pending
seedream-4-5-free-guide,pillar_candidate,A_top_100_signal_refresh,ready-auto,ready-auto,pending,pending,pending
ai-powered-design-agent-for-creators,pillar_candidate,A_top_100_signal_refresh,ready-auto,ready-auto,pending,pending,pending
best-ai-design-tools-2026,pillar_candidate,A_top_100_signal_refresh,ready-auto,ready-auto,pending,pending,pending
media-io-review,pillar_candidate,A_top_100_signal_refresh,ready-auto,ready-auto,pending,pending,pending
luma-dream-machine-review-2025-features-pricing-and-honest-performance-test,pillar_candidate,A_top_100_signal_refresh,ready-auto,ready-auto,pending,pending,pending
hedra-ai-review,pillar_candidate,A_top_100_signal_refresh,ready-auto,ready-auto,pending,pending,pending
imagefx-review,pillar_candidate,A_top_100_signal_refresh,ready-auto,ready-auto,pending,pending,pending
ai-brand-kit-generator-indie-brands,pillar_candidate,A_top_100_signal_refresh,ready-auto,ready-auto,pending,pending,pending
complete-guide-ai-floor-plan-architecture-design,pillar_candidate,A_top_100_signal_refresh,ready-auto,ready-auto,pending,pending,pending
7-best-ai-image-upscalers-4k-2026,pillar_candidate,A_top_100_signal_refresh,ready-auto,ready-auto,pending,pending,pending
02-wiki-custom-skills-guide,pillar_candidate,A_top_100_signal_refresh,ready-auto,ready-auto,pending,pending,pending
twitter-image-design-guide,pillar_candidate,A_top_100_signal_refresh,ready-auto,ready-auto,pending,pending,pending
meta-imagine-ai-review,pillar_candidate,A_top_100_signal_refresh,ready-auto,ready-auto,pending,pending,pending
sora-ai-review,pillar_candidate,A_top_100_signal_refresh,ready-auto,ready-auto,pending,pending,pending
nano-banana-2-vs-pro,pillar_candidate,A_top_100_signal_refresh,ready-auto,ready-auto,pending,pending,pending
8-best-ai-face-swap-apps-2026,pillar_candidate,A_top_100_signal_refresh,ready-auto,ready-auto,pending,pending,pending
6-best-ai-body-age-transformation-apps-2026,pillar_candidate,A_top_100_signal_refresh,ready-auto,ready-auto,pending,pending,pending
discord-community-design-guide,pillar_candidate,A_top_100_signal_refresh,ready-auto,ready-auto,pending,pending,pending
free-ai-design-tools-2026,pillar_candidate,A_top_100_signal_refresh,ready-auto,ready-auto,pending,pending,pending
ai-illustration-guide,pillar_candidate,A_top_100_signal_refresh,ready-auto,ready-auto,pending,pending,pending
complete-guide-free-ai-design-tools-2026,pillar_candidate,A_top_100_signal_refresh,ready-auto,ready-auto,pending,pending,pending
hailuo-ai-alternatives,pillar_candidate,A_top_100_signal_refresh,ready-auto,ready-auto,pending,pending,pending
complete-guide-ai-texture-material-generation,pillar_candidate,A_top_100_signal_refresh,ready-auto,ready-auto,pending,pending,pending
freepik-ai-alternatives,pillar_candidate,A_top_100_signal_refresh,ready-auto,ready-auto,pending,pending,pending
amazon-listing-images-ai,pillar_candidate,A_top_100_signal_refresh,ready-auto,ready-auto,pending,pending,pending
canva-ai-image-generator-review,pillar_candidate,A_top_100_signal_refresh,ready-auto,ready-auto,pending,pending,pending
lovart-official-chinese-entry-guide,pillar_candidate,A_top_100_signal_refresh,ready-auto,ready-auto,pending,pending,pending
runway-vs-pika-vs-kling-2026,pillar_candidate,A_top_100_signal_refresh,ready-auto,ready-auto,pending,pending,pending
capcut-ai-review,pillar_candidate,A_top_100_signal_refresh,ready-auto,ready-auto,pending,pending,pending
ai-animation-from-script,pillar_candidate,A_top_100_signal_refresh,ready-auto,ready-auto,pending,pending,pending
free-ai-design-tools-online-no-signup-2026,pillar_candidate,A_top_100_signal_refresh,ready-auto,ready-auto,pending,pending,pending
how-to-use-nano-banana-pro-free,pillar_candidate,A_top_100_signal_refresh,ready-auto,ready-auto,pending,pending,pending
best-image-to-video-tools-2026,pillar_candidate,A_top_100_signal_refresh,ready-auto,ready-auto,pending,pending,pending
ai-face-swap-ethics-legal-2026,pillar_candidate,A_top_100_signal_refresh,ready-auto,ready-auto,pending,pending,pending
ai-menu-design-restaurant-layout,pillar_candidate,A_top_100_signal_refresh,ready-auto,ready-auto,pending,pending,pending
complete-guide-ai-sketch-drawing-generation,pillar_candidate,A_top_100_signal_refresh,ready-auto,ready-auto,pending,pending,pending
instagram-stories-ai-guide,pillar_candidate,A_top_100_signal_refresh,ready-auto,ready-auto,pending,pending,pending
how-to-upscale-images-ai-bing,pillar_candidate,A_top_100_signal_refresh,ready-auto,ready-auto,pending,pending,pending
ai-design-tools-pricing-comparison-2026,pillar_candidate,A_top_100_signal_refresh,ready-auto,ready-auto,pending,pending,pending
b42-ai-design-pricing-guide-bing,pillar_candidate,A_top_100_signal_refresh,ready-auto,ready-auto,pending,pending,pending
6-best-ai-character-consistency-tools-2026,pillar_candidate,A_top_100_signal_refresh,ready-auto,ready-auto,pending,pending,pending
ai-illustration-mistakes,pillar_candidate,A_top_100_signal_refresh,ready-auto,ready-auto,pending,pending,pending
what-is-goenhance-ai,pillar_candidate,A_top_100_signal_refresh,ready-auto,ready-auto,pending,pending,pending
ai-lip-sync-video-2026,pillar_candidate,A_top_100_signal_refresh,ready-auto,ready-auto,pending,pending,pending
imagineart-review,pillar_candidate,A_top_100_signal_refresh,ready-auto,ready-auto,pending,pending,pending
7-best-ai-poster-design-tools-2026,pillar_candidate,A_top_100_signal_refresh,ready-auto,ready-auto,pending,pending,pending
ai-art-platforms-compared-2026,pillar_candidate,A_top_100_signal_refresh,ready-auto,ready-auto,pending,pending,pending
5-best-ai-texture-material-generators-2026,pillar_candidate,A_top_100_signal_refresh,ready-auto,ready-auto,pending,pending,pending
infinite-canvas-ai-design-ui,pillar_candidate,A_top_100_signal_refresh,ready-auto,ready-auto,pending,pending,pending
complete-guide-ai-poster-design-printing,pillar_candidate,A_top_100_signal_refresh,ready-auto,ready-auto,pending,pending,pending
storyboarding-consistent-character-video-script-ai,pillar_candidate,A_top_100_signal_refresh,ready-auto,ready-auto,pending,pending,pending
ai-illustration-prompts,pillar_candidate,A_top_100_signal_refresh,ready-auto,ready-auto,pending,pending,pending
looka-alternatives-2026,pillar_candidate,A_top_100_signal_refresh,ready-auto,ready-auto,pending,pending,pending
ai-social-media-post-generators,pillar_candidate,A_top_100_signal_refresh,ready-auto,ready-auto,pending,pending,pending
ai-video-generator-2026-review,pillar_candidate,A_top_100_signal_refresh,ready-auto,ready-auto,pending,pending,pending
best-kling-ai-alternatives-in-2025-ai-video-tools-comparison,pillar_candidate,A_top_100_signal_refresh,ready-auto,ready-auto,pending,pending,pending
complete-guide-ai-body-age-transformation-portrait,pillar_candidate,A_top_100_signal_refresh,ready-auto,ready-auto,pending,pending,pending
text-to-video,pillar_candidate,A_top_100_signal_refresh,ready-auto,ready-auto,pending,pending,pending
adobe-illustrator-alternatives,pillar_candidate,A_top_100_signal_refresh,ready-auto,ready-auto,pending,pending,pending
ai-face-swap-2026-professional,pillar_candidate,A_top_100_signal_refresh,ready-auto,ready-auto,pending,pending,pending
8-best-ai-banner-ad-makers-2026,pillar_candidate,A_top_100_signal_refresh,ready-auto,ready-auto,pending,pending,pending
01-insight-2026-year-review,pillar_candidate,A_top_100_signal_refresh,ready-auto,ready-auto,pending,pending,pending
civitai-alternative,pillar_candidate,A_top_100_signal_refresh,ready-auto,ready-auto,pending,pending,pending
hedra-ai-review-2025-ai-character-animation-platform-tested,pillar_candidate,A_top_100_signal_refresh,ready-auto,ready-auto,pending,pending,pending
ai-art-copyright-2026,pillar_candidate,A_top_100_signal_refresh,ready-auto,ready-auto,pending,pending,pending
ai-vs-traditional-design,pillar_candidate,A_top_100_signal_refresh,ready-auto,ready-auto,pending,pending,pending
ai-image-quality-benchmark-2026,pillar_candidate,A_top_100_signal_refresh,ready-auto,ready-auto,pending,pending,pending
ai-character-design-guide-how-to-create-consistent-characters-with-ai-tools,pillar_candidate,A_top_100_signal_refresh,ready-auto,ready-auto,pending,pending,pending
01-pillar-ai-video-generation-101,pillar_candidate,A_top_100_signal_refresh,ready-auto,ready-auto,pending,pending,pending
02-enterprise-team-plan-guide,pillar_candidate,A_top_100_signal_refresh,ready-auto,ready-auto,pending,pending,pending
complete-guide-brand-kit-every-industry-lovart,pillar_candidate,A_top_100_signal_refresh,ready-auto,ready-auto,pending,pending,pending
5-best-ai-movie-poster-generators-2026,pillar_candidate,A_top_100_signal_refresh,ready-auto,ready-auto,pending,pending,pending
lovart-notion-api-database-to-visual,pillar_candidate,A_top_100_signal_refresh,ready-auto,ready-auto,pending,pending,pending
ai-music-video-tools-compared,pillar_candidate,A_top_100_signal_refresh,ready-auto,ready-auto,pending,pending,pending
enterprise-gdpr-compliance-lovart,pillar_candidate,A_top_100_signal_refresh,ready-auto,ready-auto,pending,pending,pending
ai-twitter-x-post-generator-guide,pillar_candidate,A_top_100_signal_refresh,ready-auto,ready-auto,pending,pending,pending
openart-ai-vs-lovart,pillar_candidate,A_top_100_signal_refresh,ready-auto,ready-auto,pending,pending,pending
how-to-use-veo3-free,deep_refresh_candidate,A_top_100_signal_refresh,auto-draft,auto-draft,pending,pending,pending
the-vectorize-toggle-turning-ai-art-into-scalable-graphics,deep_refresh_candidate,A_top_100_signal_refresh,auto-draft,auto-draft,pending,pending,pending
ai-business-card-design,deep_refresh_candidate,A_top_100_signal_refresh,auto-draft,auto-draft,pending,pending,pending
ai-price-list-maker-small-business,deep_refresh_candidate,A_top_100_signal_refresh,auto-draft,auto-draft,pending,pending,pending
expression-sheets-generating-a-grid-of-emotions-for-one-character,deep_refresh_candidate,A_top_100_signal_refresh,auto-draft,auto-draft,pending,pending,pending
inside-mcot-engine-ai-design-reasoning,deep_refresh_candidate,A_top_100_signal_refresh,auto-draft,auto-draft,pending,pending,pending
ai-design-cost-complete-breakdown-2026,deep_refresh_candidate,A_top_100_signal_refresh,auto-draft,auto-draft,pending,pending,pending
b27-how-to-generate-ai-art-commercial-bing,deep_refresh_candidate,A_top_100_signal_refresh,auto-draft,auto-draft,pending,pending,pending
how-to-generate-textures-materials-ai,deep_refresh_candidate,A_top_100_signal_refresh,auto-draft,auto-draft,pending,pending,pending
iteration-loop-ai-design-touch-edit,deep_refresh_candidate,A_top_100_signal_refresh,auto-draft,auto-draft,pending,pending,pending
ai-video-prompt-generator,deep_refresh_candidate,A_top_100_signal_refresh,auto-draft,auto-draft,pending,pending,pending
ai-character-consistency-tools-compared,deep_refresh_candidate,B_indexed_or_visible_refresh,auto-draft,auto-draft,pending,pending,pending
ai-character-sticker-pack,deep_refresh_candidate,B_indexed_or_visible_refresh,auto-draft,auto-draft,pending,pending,pending
7-best-ai-animal-pet-portrait-generators-2026,deep_refresh_candidate,B_indexed_or_visible_refresh,auto-draft,auto-draft,pending,pending,pending
vmaker-ai-review,deep_refresh_candidate,B_indexed_or_visible_refresh,auto-draft,auto-draft,pending,pending,pending
ai-video-editor-tools-compared,deep_refresh_candidate,B_indexed_or_visible_refresh,auto-draft,auto-draft,pending,pending,pending
ai-animal-pet-generators-compared,deep_refresh_candidate,B_indexed_or_visible_refresh,auto-draft,auto-draft,pending,pending,pending
ai-image-to-image-guide,deep_refresh_candidate,B_indexed_or_visible_refresh,auto-draft,auto-draft,pending,pending,pending
ai-logo-creator,deep_refresh_candidate,B_indexed_or_visible_refresh,auto-draft,auto-draft,pending,pending,pending
picsart-ai-review,deep_refresh_candidate,B_indexed_or_visible_refresh,auto-draft,auto-draft,pending,pending,pending
pictory-ai-review,deep_refresh_candidate,B_indexed_or_visible_refresh,auto-draft,auto-draft,pending,pending,pending
01-pillar-ai-design-technology,deep_refresh_candidate,B_indexed_or_visible_refresh,auto-draft,auto-draft,pending,pending,pending
01-bofu-canva-migration-guide,deep_refresh_candidate,B_indexed_or_visible_refresh,auto-draft,auto-draft,pending,pending,pending
seedance-ai-review,deep_refresh_candidate,B_indexed_or_visible_refresh,auto-draft,auto-draft,pending,pending,pending
lovart-nano-banana-2-ai-design-agent,deep_refresh_candidate,B_indexed_or_visible_refresh,auto-draft,auto-draft,pending,pending,pending
03-cluster-etsy-listing-images,deep_refresh_candidate,B_indexed_or_visible_refresh,auto-draft,auto-draft,pending,pending,pending
nano-banana-presentation-guide,deep_refresh_candidate,B_indexed_or_visible_refresh,auto-draft,auto-draft,pending,pending,pending
ai-texture-generator-tools-compared,deep_refresh_candidate,B_indexed_or_visible_refresh,auto-draft,auto-draft,pending,pending,pending
8-best-ai-object-removers-watermark-removers-2026,deep_refresh_candidate,B_indexed_or_visible_refresh,auto-draft,auto-draft,pending,pending,pending
15-best-free-ai-design-tools-2026,deep_refresh_candidate,B_indexed_or_visible_refresh,auto-draft,auto-draft,pending,pending,pending
fotor-ai-review-2025-photo-editing-and-ai-art-generator-tested,deep_refresh_candidate,B_indexed_or_visible_refresh,auto-draft,auto-draft,pending,pending,pending
how-to-generate-cinematic-video-prompts,deep_refresh_candidate,B_indexed_or_visible_refresh,auto-draft,auto-draft,pending,pending,pending
03-best-practice-psd-vs-png,deep_refresh_candidate,B_indexed_or_visible_refresh,auto-draft,auto-draft,pending,pending,pending
how-to-use-free-ai-design-tools,deep_refresh_candidate,B_indexed_or_visible_refresh,auto-draft,auto-draft,pending,pending,pending
03-cluster-color-psychology-ai-design,deep_refresh_candidate,B_indexed_or_visible_refresh,auto-draft,auto-draft,pending,pending,pending
10-best-ai-print-design-tools-2026,deep_refresh_candidate,B_indexed_or_visible_refresh,auto-draft,auto-draft,pending,pending,pending
02-cluster-brand-style-guide-ai,deep_refresh_candidate,B_indexed_or_visible_refresh,auto-draft,auto-draft,pending,pending,pending
ai-art-generator-tools-compared,deep_refresh_candidate,B_indexed_or_visible_refresh,auto-draft,auto-draft,pending,pending,pending
ai-collage-moodboard-tools-compared,deep_refresh_candidate,B_indexed_or_visible_refresh,auto-draft,auto-draft,pending,pending,pending
ai-poster-tools-compared,deep_refresh_candidate,B_indexed_or_visible_refresh,auto-draft,auto-draft,pending,pending,pending
8-best-ai-background-wallpaper-generators-2026,deep_refresh_candidate,B_indexed_or_visible_refresh,auto-draft,auto-draft,pending,pending,pending
ai-illustrations-social-media,deep_refresh_candidate,B_indexed_or_visible_refresh,auto-draft,auto-draft,pending,pending,pending
6-best-ai-art-platforms-2026,deep_refresh_candidate,B_indexed_or_visible_refresh,auto-draft,auto-draft,pending,pending,pending
complete-guide-ai-avatar-digital-identity,deep_refresh_candidate,B_indexed_or_visible_refresh,auto-draft,auto-draft,pending,pending,pending
best-ai-design-agent-for-makeup-studio-owner,deep_refresh_candidate,B_indexed_or_visible_refresh,auto-draft,auto-draft,pending,pending,pending
adobe-firefly-vs-ai-design-agents,deep_refresh_candidate,B_indexed_or_visible_refresh,auto-draft,auto-draft,pending,pending,pending
best-luma-dream-machine-alternatives-in-2025-ai-video-tools,deep_refresh_candidate,B_indexed_or_visible_refresh,auto-draft,auto-draft,pending,pending,pending
ai-print-materials-tools-compared,deep_refresh_candidate,B_indexed_or_visible_refresh,auto-draft,auto-draft,pending,pending,pending
5-best-ai-image-models-compared-2026,deep_refresh_candidate,B_indexed_or_visible_refresh,auto-draft,auto-draft,pending,pending,pending
b33-ai-background-remover-comparison-bing,deep_refresh_candidate,B_indexed_or_visible_refresh,auto-draft,auto-draft,pending,pending,pending
pollo-ai-vs-lovart-comparison,deep_refresh_candidate,B_indexed_or_visible_refresh,auto-draft,auto-draft,pending,pending,pending
best-ai-design-agent-for-bubble-tea-shop-owner,deep_refresh_candidate,B_indexed_or_visible_refresh,auto-draft,auto-draft,pending,pending,pending
ai-illustration-guide-how-to-generate-professional-artwork-from-prompts,deep_refresh_candidate,B_indexed_or_visible_refresh,auto-draft,auto-draft,pending,pending,pending
nano-banana-2-lovart-commercial-workflow,deep_refresh_candidate,B_indexed_or_visible_refresh,auto-draft,auto-draft,pending,pending,pending
how-to-gen-product-photography-with-ai,deep_refresh_candidate,B_indexed_or_visible_refresh,auto-draft,auto-draft,pending,pending,pending
lovart-digest-june-2026-week4,deep_refresh_candidate,B_indexed_or_visible_refresh,auto-draft,auto-draft,pending,pending,pending
image-to-video-ai-2026-workflow,deep_refresh_candidate,B_indexed_or_visible_refresh,auto-draft,auto-draft,pending,pending,pending
the-best-ai-agent-driven-canvas-for-spa-with-lovart-all-in-one-design-agent,deep_refresh_candidate,B_indexed_or_visible_refresh,auto-draft,auto-draft,pending,pending,pending
dall-e-alternatives-2026,deep_refresh_candidate,B_indexed_or_visible_refresh,auto-draft,auto-draft,pending,pending,pending
github-ai-coding-tools-comparison-2026,deep_refresh_candidate,B_indexed_or_visible_refresh,auto-draft,auto-draft,pending,pending,pending
03-industry-certificate-design-ai,deep_refresh_candidate,B_indexed_or_visible_refresh,auto-draft,auto-draft,pending,pending,pending
best-ai-design-agent-for-freelancer,deep_refresh_candidate,B_indexed_or_visible_refresh,auto-draft,auto-draft,pending,pending,pending
picsart-ai-vs-lovart-comparison,deep_refresh_candidate,B_indexed_or_visible_refresh,auto-draft,auto-draft,pending,pending,pending
s20-5-ai-design-trends-2026,deep_refresh_candidate,B_indexed_or_visible_refresh,auto-draft,auto-draft,pending,pending,pending
01-canva-vs-lovart,deep_refresh_candidate,B_indexed_or_visible_refresh,auto-draft,auto-draft,pending,pending,pending
03-wiki-export-formats-guide,deep_refresh_candidate,B_indexed_or_visible_refresh,auto-draft,auto-draft,pending,pending,pending
06-pillar-design-templates-category,deep_refresh_candidate,B_indexed_or_visible_refresh,auto-draft,auto-draft,pending,pending,pending
ai-interior-design-tools-compared,deep_refresh_candidate,B_indexed_or_visible_refresh,auto-draft,auto-draft,pending,pending,pending
logo-design-guide,deep_refresh_candidate,B_indexed_or_visible_refresh,auto-draft,auto-draft,pending,pending,pending
lovart-vs-rentahuman-ai-design-comparison,deep_refresh_candidate,B_indexed_or_visible_refresh,auto-draft,auto-draft,pending,pending,pending
pictory-ai-review-2025-ai-video-editor-features-pricing-and-test,deep_refresh_candidate,B_indexed_or_visible_refresh,auto-draft,auto-draft,pending,pending,pending
adobe-creative-cloud-alternatives-2026,deep_refresh_candidate,B_indexed_or_visible_refresh,auto-draft,auto-draft,pending,pending,pending
product-photos-ai-2026-guide,deep_refresh_candidate,B_indexed_or_visible_refresh,auto-draft,auto-draft,pending,pending,pending
s11-how-to-use-ai-for-design-beginner-guide,deep_refresh_candidate,B_indexed_or_visible_refresh,auto-draft,auto-draft,pending,pending,pending
lovart-digest-june-2026-week1,deep_refresh_candidate,B_indexed_or_visible_refresh,auto-draft,auto-draft,pending,pending,pending
best-haiper-ai-alternatives-in-2025-video-generation-compared,deep_refresh_candidate,B_indexed_or_visible_refresh,auto-draft,auto-draft,pending,pending,pending
b36-ai-avatar-tools-comparison-bing,deep_refresh_candidate,B_indexed_or_visible_refresh,auto-draft,auto-draft,pending,pending,pending
best-ai-design-agent-for-boutique-owners,deep_refresh_candidate,B_indexed_or_visible_refresh,auto-draft,auto-draft,pending,pending,pending
complete-guide-ai-face-retouching-portrait-editing,deep_refresh_candidate,B_indexed_or_visible_refresh,auto-draft,auto-draft,pending,pending,pending
best-ai-design-agent-for-digital-agencies-2026,deep_refresh_candidate,B_indexed_or_visible_refresh,auto-draft,auto-draft,pending,pending,pending
how-to-create-ai-avatar-profile-picture,deep_refresh_candidate,B_indexed_or_visible_refresh,auto-draft,auto-draft,pending,pending,pending
adobe-illustrator-alternatives-2026,deep_refresh_candidate,B_indexed_or_visible_refresh,auto-draft,auto-draft,pending,pending,pending
imagen-3-review,deep_refresh_candidate,B_indexed_or_visible_refresh,auto-draft,auto-draft,pending,pending,pending
ai-video-for-ecommerce-2026,deep_refresh_candidate,B_indexed_or_visible_refresh,auto-draft,auto-draft,pending,pending,pending
photo-animation-tools-compared,deep_refresh_candidate,B_indexed_or_visible_refresh,auto-draft,auto-draft,pending,pending,pending
ai-design-tools-for-text-rendering-2026,deep_refresh_candidate,B_indexed_or_visible_refresh,auto-draft,auto-draft,pending,pending,pending
how-to-chat-generate-brochure-lovart,deep_refresh_candidate,B_indexed_or_visible_refresh,auto-draft,auto-draft,pending,pending,pending
complete-guide-photo-expansion-uncrop-ai,deep_refresh_candidate,B_indexed_or_visible_refresh,auto-draft,auto-draft,pending,pending,pending
best-ai-design-agent-for-side-hustlers,deep_refresh_candidate,B_indexed_or_visible_refresh,auto-draft,auto-draft,pending,pending,pending
best-ai-design-tools-in-2025-complete-comparison-guide-for-creators-and-marketers,deep_refresh_candidate,B_indexed_or_visible_refresh,auto-draft,auto-draft,pending,pending,pending
5-best-ai-image-expanders-uncrop-tools-2026,deep_refresh_candidate,B_indexed_or_visible_refresh,auto-draft,auto-draft,pending,pending,pending
leonardo-ai-alternative-nano-banana-pro,deep_refresh_candidate,B_indexed_or_visible_refresh,auto-draft,auto-draft,pending,pending,pending
step-by-step-brochure-without-photoshop,deep_refresh_candidate,B_indexed_or_visible_refresh,auto-draft,auto-draft,pending,pending,pending
lovart-digest-june-2026-week3,deep_refresh_candidate,B_indexed_or_visible_refresh,auto-draft,auto-draft,pending,pending,pending
ai-photo-restoration-2026,deep_refresh_candidate,B_indexed_or_visible_refresh,auto-draft,auto-draft,pending,pending,pending
how-to-design-posters-ai-guide,deep_refresh_candidate,B_indexed_or_visible_refresh,auto-draft,auto-draft,pending,pending,pending
insight-2027-ai-design-year-review,deep_refresh_candidate,B_indexed_or_visible_refresh,auto-draft,auto-draft,pending,pending,pending
ai-design-tools-comparison-2026-complete,deep_refresh_candidate,B_indexed_or_visible_refresh,auto-draft,auto-draft,pending,pending,pending
ai-design-for-linkedin-personal-branding,deep_refresh_candidate,B_indexed_or_visible_refresh,auto-draft,auto-draft,pending,pending,pending
how-to-chat-generate-ai-effects-lovart,deep_refresh_candidate,B_indexed_or_visible_refresh,auto-draft,auto-draft,pending,pending,pending
ai-design-tools-batch-generation-2026,deep_refresh_candidate,B_indexed_or_visible_refresh,auto-draft,auto-draft,pending,pending,pending
design-trends-2027,deep_refresh_candidate,B_indexed_or_visible_refresh,auto-draft,auto-draft,pending,pending,pending
hailuo-ai-review-2025-cinematic-video-generation-tested-hands-on,deep_refresh_candidate,B_indexed_or_visible_refresh,auto-draft,auto-draft,pending,pending,pending
lovart-make-no-code-automation,deep_refresh_candidate,B_indexed_or_visible_refresh,auto-draft,auto-draft,pending,pending,pending
step-by-step-fb-ads-without-photoshop,deep_refresh_candidate,B_indexed_or_visible_refresh,auto-draft,auto-draft,pending,pending,pending
b32-ai-logo-maker-comparison-bing,deep_refresh_candidate,B_indexed_or_visible_refresh,auto-draft,auto-draft,pending,pending,pending
how-to-create-editable-designs-ai-no-photoshop,deep_refresh_candidate,B_indexed_or_visible_refresh,auto-draft,auto-draft,pending,pending,pending
photo-to-anime-tools-compared,deep_refresh_candidate,B_indexed_or_visible_refresh,auto-draft,auto-draft,pending,pending,pending
s10-ai-design-agent-vs-image-generator,deep_refresh_candidate,B_indexed_or_visible_refresh,auto-draft,auto-draft,pending,pending,pending
ultimate-guide-ai-design-agent-canvas-for-creators-business,deep_refresh_candidate,B_indexed_or_visible_refresh,auto-draft,auto-draft,pending,pending,pending
complete-guide-photo-sharpening-enhancement-ai,deep_refresh_candidate,B_indexed_or_visible_refresh,auto-draft,auto-draft,pending,pending,pending
ai-design-for-healthcare-patient-materials-2026,deep_refresh_candidate,B_indexed_or_visible_refresh,auto-draft,auto-draft,pending,pending,pending
s18-nano-banana-free-access-guide,deep_refresh_candidate,B_indexed_or_visible_refresh,auto-draft,auto-draft,pending,pending,pending
the-best-ai-agent-driven-canvas-for-dtc-founder-with-lovart-all-in-one-design-agent,deep_refresh_candidate,B_indexed_or_visible_refresh,auto-draft,auto-draft,pending,pending,pending
b37-ai-animation-tools-comparison-bing,deep_refresh_candidate,B_indexed_or_visible_refresh,auto-draft,auto-draft,pending,pending,pending
s29---how-lovart-ai-works-behind-scenes,deep_refresh_candidate,B_indexed_or_visible_refresh,auto-draft,auto-draft,pending,pending,pending
complete-guide-restaurant-cafe-branding-ai,deep_refresh_candidate,B_indexed_or_visible_refresh,auto-draft,auto-draft,pending,pending,pending
flora-ai-vs-lovart,deep_refresh_candidate,B_indexed_or_visible_refresh,auto-draft,auto-draft,pending,pending,pending
s17-sora-vs-veo-vs-kling-vs-lovart,deep_refresh_candidate,B_indexed_or_visible_refresh,auto-draft,auto-draft,pending,pending,pending
how-to-create-professional-posters,deep_refresh_candidate,B_indexed_or_visible_refresh,auto-draft,auto-draft,pending,pending,pending
the-best-ai-agent-driven-canvas-for-makeup-studio-with-lovart-all-in-one-design-agent,deep_refresh_candidate,B_indexed_or_visible_refresh,auto-draft,auto-draft,pending,pending,pending
deevid-ai-alternative,deep_refresh_candidate,B_indexed_or_visible_refresh,auto-draft,auto-draft,pending,pending,pending
ai-audio-branding-sonic-identity-guide-2026,deep_refresh_candidate,B_indexed_or_visible_refresh,auto-draft,auto-draft,pending,pending,pending
ai-design-freelance-pricing-guide-2026,deep_refresh_candidate,B_indexed_or_visible_refresh,auto-draft,auto-draft,pending,pending,pending
sso-saml-integration-guide-enterprise-2027,deep_refresh_candidate,B_indexed_or_visible_refresh,auto-draft,auto-draft,pending,pending,pending
getimg-ai-review,deep_refresh_candidate,B_indexed_or_visible_refresh,auto-draft,auto-draft,pending,pending,pending
pika-alternatives,deep_refresh_candidate,B_indexed_or_visible_refresh,auto-draft,auto-draft,pending,pending,pending
brand-kit-makeup-studio-lovart,deep_refresh_candidate,B_indexed_or_visible_refresh,auto-draft,auto-draft,pending,pending,pending
b4-how-to-create-loop-claymation-fantasy-video-ai,deep_refresh_candidate,B_indexed_or_visible_refresh,auto-draft,auto-draft,pending,pending,pending
best-ai-design-agent-for-ecommerce-seller,deep_refresh_candidate,B_indexed_or_visible_refresh,auto-draft,auto-draft,pending,pending,pending
runway-gen-3-alternative,deep_refresh_candidate,B_indexed_or_visible_refresh,auto-draft,auto-draft,pending,pending,pending
s19-ai-design-enterprise-cto-guide,deep_refresh_candidate,B_indexed_or_visible_refresh,auto-draft,auto-draft,pending,pending,pending
step-by-step-channel-art-without-photoshop,deep_refresh_candidate,B_indexed_or_visible_refresh,auto-draft,auto-draft,pending,pending,pending
ai-face-retouch-tools-compared,deep_refresh_candidate,B_indexed_or_visible_refresh,auto-draft,auto-draft,pending,pending,pending
best-ai-design-agent-for-novices-beginner-friendly-design-tools-guide,deep_refresh_candidate,B_indexed_or_visible_refresh,auto-draft,auto-draft,pending,pending,pending
how-to-create-youtube-thumbnails-ai-chatcanvas,deep_refresh_candidate,B_indexed_or_visible_refresh,auto-draft,auto-draft,pending,pending,pending
ai-commercial-license-country-comparison-2026,deep_refresh_candidate,B_indexed_or_visible_refresh,auto-draft,auto-draft,pending,pending,pending
complete-guide-ai-art-generation-text-to-art,deep_refresh_candidate,B_indexed_or_visible_refresh,auto-draft,auto-draft,pending,pending,pending
02-cluster-what-is-mcot,deep_refresh_candidate,B_indexed_or_visible_refresh,auto-draft,auto-draft,pending,pending,pending
complete-guide-ai-design-for-every-business-niche,deep_refresh_candidate,B_indexed_or_visible_refresh,auto-draft,auto-draft,pending,pending,pending
b38-ai-product-photography-comparison-bing,deep_refresh_candidate,B_indexed_or_visible_refresh,auto-draft,auto-draft,pending,pending,pending
brand-kit-real-estate-lovart,deep_refresh_candidate,B_indexed_or_visible_refresh,auto-draft,auto-draft,pending,pending,pending
topaz-ai-alternative,deep_refresh_candidate,B_indexed_or_visible_refresh,auto-draft,auto-draft,pending,pending,pending
perfect-imperfection-add-grain-noise-natural-ai,deep_refresh_candidate,B_indexed_or_visible_refresh,auto-draft,auto-draft,pending,pending,pending
ai-design-workflow-comparison-canva-vs-lovart-vs-figma,deep_refresh_candidate,B_indexed_or_visible_refresh,auto-draft,auto-draft,pending,pending,pending
design-workflow-comparison-traditional-vs-ai,deep_refresh_candidate,B_indexed_or_visible_refresh,auto-draft,auto-draft,pending,pending,pending
best-ai-design-agent-for-cocktail-bar-owners,deep_refresh_candidate,B_indexed_or_visible_refresh,auto-draft,auto-draft,pending,pending,pending
remini-alternative,deep_refresh_candidate,B_indexed_or_visible_refresh,auto-draft,auto-draft,pending,pending,pending
02-industry-school-branding-guide,deep_refresh_candidate,B_indexed_or_visible_refresh,auto-draft,auto-draft,pending,pending,pending
https-www-lovart-ai-zh-blog-the-death-of-the-stock-footage-era-a-complete-guide-to-ai-powered-video-creation-in-2026,deep_refresh_candidate,B_indexed_or_visible_refresh,auto-draft,auto-draft,pending,pending,pending
04-best-practice-chatcanvas-layout,deep_refresh_candidate,B_indexed_or_visible_refresh,auto-draft,auto-draft,pending,pending,pending
s25---ai-design-templates-library,deep_refresh_candidate,B_indexed_or_visible_refresh,auto-draft,auto-draft,pending,pending,pending
how-to-convert-images-vector-free-bing,deep_refresh_candidate,B_indexed_or_visible_refresh,auto-draft,auto-draft,pending,pending,pending
01-cluster-product-detail-page,deep_refresh_candidate,B_indexed_or_visible_refresh,auto-draft,auto-draft,pending,pending,pending
how-to-create-banners-display-ads-ai,deep_refresh_candidate,B_indexed_or_visible_refresh,auto-draft,auto-draft,pending,pending,pending
stable-video-diffusion-review,deep_refresh_candidate,B_indexed_or_visible_refresh,auto-draft,auto-draft,pending,pending,pending
google-veo-3-review,deep_refresh_candidate,B_indexed_or_visible_refresh,auto-draft,auto-draft,pending,pending,pending
how-to-design-interior-rooms-ai,deep_refresh_candidate,B_indexed_or_visible_refresh,auto-draft,auto-draft,pending,pending,pending
s22---7-day-ai-design-challenge,deep_refresh_candidate,B_indexed_or_visible_refresh,auto-draft,auto-draft,pending,pending,pending
ai-design-tools-free-tiers-compared,deep_refresh_candidate,B_indexed_or_visible_refresh,auto-draft,auto-draft,pending,pending,pending
best-ai-design-agent-for-realtor,deep_refresh_candidate,B_indexed_or_visible_refresh,auto-draft,auto-draft,pending,pending,pending
lovart-descript-video-editing-workflow,deep_refresh_candidate,B_indexed_or_visible_refresh,auto-draft,auto-draft,pending,pending,pending
best-ai-design-agent-for-handmade-seller,deep_refresh_candidate,B_indexed_or_visible_refresh,auto-draft,auto-draft,pending,pending,pending
how-to-edit-faces-portraits-smile-ai,deep_refresh_candidate,B_indexed_or_visible_refresh,auto-draft,auto-draft,pending,pending,pending
lovart-digest-july-2026-week1,deep_refresh_candidate,B_indexed_or_visible_refresh,auto-draft,auto-draft,pending,pending,pending
how-to-chat-generate-ui-layout-lovart,deep_refresh_candidate,B_indexed_or_visible_refresh,auto-draft,auto-draft,pending,pending,pending
animate-old-photos-ai-2026,deep_refresh_candidate,B_indexed_or_visible_refresh,auto-draft,auto-draft,pending,pending,pending
how-to-chat-generate-mockup-lovart,deep_refresh_candidate,B_indexed_or_visible_refresh,auto-draft,auto-draft,pending,pending,pending
04-best-practice-touch-edit,deep_refresh_candidate,B_indexed_or_visible_refresh,auto-draft,auto-draft,pending,pending,pending
adobe-express-vs-lovart-comparison,deep_refresh_candidate,B_indexed_or_visible_refresh,auto-draft,auto-draft,pending,pending,pending
best-ai-design-agent-for-ria-advisor,deep_refresh_candidate,B_indexed_or_visible_refresh,auto-draft,auto-draft,pending,pending,pending
evoto-alternative,deep_refresh_candidate,B_indexed_or_visible_refresh,auto-draft,auto-draft,pending,pending,pending
comparison-lovart-vs-flora-ai,deep_refresh_candidate,B_indexed_or_visible_refresh,auto-draft,auto-draft,pending,pending,pending
best-ai-design-agent-for-freelancers,deep_refresh_candidate,B_indexed_or_visible_refresh,auto-draft,auto-draft,pending,pending,pending
04-cluster-best-ai-video-generators,deep_refresh_candidate,B_indexed_or_visible_refresh,auto-draft,auto-draft,pending,pending,pending
brand-kit-gym-lovart,deep_refresh_candidate,B_indexed_or_visible_refresh,auto-draft,auto-draft,pending,pending,pending
brand-kit-florist-lovart,deep_refresh_candidate,B_indexed_or_visible_refresh,auto-draft,auto-draft,pending,pending,pending
complete-guide-ai-banner-display-ad-design,deep_refresh_candidate,B_indexed_or_visible_refresh,auto-draft,auto-draft,pending,pending,pending
brand-kit-coffee-shop-lovart,deep_refresh_candidate,B_indexed_or_visible_refresh,auto-draft,auto-draft,pending,pending,pending
ai-movie-poster-tools-compared,deep_refresh_candidate,B_indexed_or_visible_refresh,auto-draft,auto-draft,pending,pending,pending
05-mid-year-sale-ecommerce-guide,deep_refresh_candidate,B_indexed_or_visible_refresh,auto-draft,auto-draft,pending,pending,pending
best-ai-design-agent-for-hair-salons,deep_refresh_candidate,B_indexed_or_visible_refresh,auto-draft,auto-draft,pending,pending,pending
user-persona-journey-maps-ai-design-2027,deep_refresh_candidate,B_indexed_or_visible_refresh,auto-draft,auto-draft,pending,pending,pending
reverse-engineer-video-into-prompt,deep_refresh_candidate,B_indexed_or_visible_refresh,auto-draft,auto-draft,pending,pending,pending
brand-kit-coach-lovart,deep_refresh_candidate,B_indexed_or_visible_refresh,auto-draft,auto-draft,pending,pending,pending
best-ai-design-agent-for-dessert-shop-owner,deep_refresh_candidate,B_indexed_or_visible_refresh,auto-draft,auto-draft,pending,pending,pending
ideogram-ai-alternative,deep_refresh_candidate,B_indexed_or_visible_refresh,auto-draft,auto-draft,pending,pending,pending
facetune-alternative,deep_refresh_candidate,B_indexed_or_visible_refresh,auto-draft,auto-draft,pending,pending,pending
best-ai-design-agent-for-aesthetics-studio,deep_refresh_candidate,B_indexed_or_visible_refresh,auto-draft,auto-draft,pending,pending,pending
best-ai-design-agent-for-lash-technician,deep_refresh_candidate,B_indexed_or_visible_refresh,auto-draft,auto-draft,pending,pending,pending
best-ai-design-agent-for-bookstore-owners,deep_refresh_candidate,B_indexed_or_visible_refresh,auto-draft,auto-draft,pending,pending,pending
ai-design-contracts-freelancers-agencies-should-include,deep_refresh_candidate,B_indexed_or_visible_refresh,auto-draft,auto-draft,pending,pending,pending
heygen-vs-lovart-talking-avatar-comparison,deep_refresh_candidate,B_indexed_or_visible_refresh,auto-draft,auto-draft,pending,pending,pending
vistacreate-alternative,deep_refresh_candidate,B_indexed_or_visible_refresh,auto-draft,auto-draft,pending,pending,pending
live-editable-text-let-review-real-time-copy-editing-within-ai-images,deep_refresh_candidate,B_indexed_or_visible_refresh,auto-draft,auto-draft,pending,pending,pending
content-refresh-ai-video-brand-pillars-2027,deep_refresh_candidate,B_indexed_or_visible_refresh,auto-draft,auto-draft,pending,pending,pending
step-by-step-fb-post-cover-without-photoshop,deep_refresh_candidate,B_indexed_or_visible_refresh,auto-draft,auto-draft,pending,pending,pending
an-ultimated-guideline-to-make-a-linkedin-banner,deep_refresh_candidate,B_indexed_or_visible_refresh,auto-draft,auto-draft,pending,pending,pending
lovart-video-capabilities-vs-separate-tools,deep_refresh_candidate,B_indexed_or_visible_refresh,auto-draft,auto-draft,pending,pending,pending
midjourney-limitations-ai-secondary-editing,deep_refresh_candidate,B_indexed_or_visible_refresh,auto-draft,auto-draft,pending,pending,pending
step-by-step-podcast-cover-art-without-photoshop,deep_refresh_candidate,B_indexed_or_visible_refresh,auto-draft,auto-draft,pending,pending,pending
brand-kit-yoga-studio-lovart,deep_refresh_candidate,B_indexed_or_visible_refresh,auto-draft,auto-draft,pending,pending,pending
step-by-step-linkedin-banner-without-photoshop,deep_refresh_candidate,B_indexed_or_visible_refresh,auto-draft,auto-draft,pending,pending,pending
create-3d-characters,deep_refresh_candidate,B_indexed_or_visible_refresh,auto-draft,auto-draft,pending,pending,pending
easiest-ai-design-tools-non-designers-2026,deep_refresh_candidate,B_indexed_or_visible_refresh,auto-draft,auto-draft,pending,pending,pending
best-agent-for-e-book-authors,deep_refresh_candidate,B_indexed_or_visible_refresh,auto-draft,auto-draft,pending,pending,pending
best-ai-design-agent-for-juice-bar-owner,deep_refresh_candidate,B_indexed_or_visible_refresh,auto-draft,auto-draft,pending,pending,pending
year-in-review-templates-2027,deep_refresh_candidate,B_indexed_or_visible_refresh,auto-draft,auto-draft,pending,pending,pending
best-ai-design-agent-for-kol,deep_refresh_candidate,B_indexed_or_visible_refresh,auto-draft,auto-draft,pending,pending,pending
meet-nano-bot-consistent-ai-mascot-blog,deep_refresh_candidate,B_indexed_or_visible_refresh,auto-draft,auto-draft,pending,pending,pending
ai-remove-object,deep_refresh_candidate,B_indexed_or_visible_refresh,auto-draft,auto-draft,pending,pending,pending
best-ai-design-agent-for-wellness-studio,deep_refresh_candidate,B_indexed_or_visible_refresh,auto-draft,auto-draft,pending,pending,pending
best-ai-design-agent-for-consultant,deep_refresh_candidate,B_indexed_or_visible_refresh,auto-draft,auto-draft,pending,pending,pending
b28-how-to-create-digital-humans-ai-bing,deep_refresh_candidate,B_indexed_or_visible_refresh,auto-draft,auto-draft,pending,pending,pending
best-ai-design-agent-for-bakery-owners,deep_refresh_candidate,B_indexed_or_visible_refresh,auto-draft,auto-draft,pending,pending,pending
how-to-design-brand-small-business-ai,deep_refresh_candidate,B_indexed_or_visible_refresh,auto-draft,auto-draft,pending,pending,pending
brand-guidelines-101-ai-dos-and-donts,deep_refresh_candidate,B_indexed_or_visible_refresh,auto-draft,auto-draft,pending,pending,pending
find-official-lovart-before-exploring-alternatives,deep_refresh_candidate,B_indexed_or_visible_refresh,auto-draft,auto-draft,pending,pending,pending
best-ai-design-agent-for-koc,deep_refresh_candidate,B_indexed_or_visible_refresh,auto-draft,auto-draft,pending,pending,pending
best-agent-fore-desert-shop-owner,deep_refresh_candidate,B_indexed_or_visible_refresh,auto-draft,auto-draft,pending,pending,pending
vintage-wine-label-design-ai-agent,deep_refresh_candidate,B_indexed_or_visible_refresh,auto-draft,auto-draft,pending,pending,pending
best-ai-design-agent-for-florist,deep_refresh_candidate,B_indexed_or_visible_refresh,auto-draft,auto-draft,pending,pending,pending
s24---first-ai-design-3-projects,deep_refresh_candidate,B_indexed_or_visible_refresh,auto-draft,auto-draft,pending,pending,pending
best-ai-design-agent-for-brow-artist,deep_refresh_candidate,B_indexed_or_visible_refresh,auto-draft,auto-draft,pending,pending,pending
how-to-chat-generate-slide-deck-lovart,deep_refresh_candidate,B_indexed_or_visible_refresh,auto-draft,auto-draft,pending,pending,pending
step-by-step-menus-without-photoshop,deep_refresh_candidate,B_indexed_or_visible_refresh,auto-draft,auto-draft,pending,pending,pending
ai-design-for-comedians-entertainers,deep_refresh_candidate,B_indexed_or_visible_refresh,auto-draft,auto-draft,pending,pending,pending
best-ai-design-agent-for-dentist,deep_refresh_candidate,B_indexed_or_visible_refresh,auto-draft,auto-draft,pending,pending,pending
ai-photo-enhancer,deep_refresh_candidate,B_indexed_or_visible_refresh,auto-draft,auto-draft,pending,pending,pending
ai-design-for-wedding-industry-2026,deep_refresh_candidate,B_indexed_or_visible_refresh,auto-draft,auto-draft,pending,pending,pending
ai-design-for-nonprofits,deep_refresh_candidate,B_indexed_or_visible_refresh,auto-draft,auto-draft,pending,pending,pending
lovart-roi-calculator-spec,deep_refresh_candidate,B_indexed_or_visible_refresh,auto-draft,auto-draft,pending,pending,pending
best-ai-design-agent-for-beauty-bar,deep_refresh_candidate,B_indexed_or_visible_refresh,auto-draft,auto-draft,pending,pending,pending
how-to-chat-generate-google-ads-lovart,deep_refresh_candidate,B_indexed_or_visible_refresh,auto-draft,auto-draft,pending,pending,pending
ugly-to-lovely-ms-paint-to-ai-makeover,deep_refresh_candidate,B_indexed_or_visible_refresh,auto-draft,auto-draft,pending,pending,pending
03-career-multi-platform-sizing,deep_refresh_candidate,B_indexed_or_visible_refresh,auto-draft,auto-draft,pending,pending,pending
best-ai-tool-for-logo-design-2026,deep_refresh_candidate,B_indexed_or_visible_refresh,auto-draft,auto-draft,pending,pending,pending
best-ai-design-agent-for-podcaster,deep_refresh_candidate,B_indexed_or_visible_refresh,auto-draft,auto-draft,pending,pending,pending
best-ai-design-agent-for-solopreneur,deep_refresh_candidate,B_indexed_or_visible_refresh,auto-draft,auto-draft,pending,pending,pending
design-student-ai-survival-guide-2026,deep_refresh_candidate,B_indexed_or_visible_refresh,auto-draft,auto-draft,pending,pending,pending
best-ai-design-agent-for-gym-owner,deep_refresh_candidate,B_indexed_or_visible_refresh,auto-draft,auto-draft,pending,pending,pending
ai-voice-generator-comparison,deep_refresh_candidate,B_indexed_or_visible_refresh,auto-draft,auto-draft,pending,pending,pending
ai-illustration-prompts-2,deep_refresh_candidate,B_indexed_or_visible_refresh,auto-draft,auto-draft,pending,pending,pending
ai-design-for-musicians-bands-2026,deep_refresh_candidate,B_indexed_or_visible_refresh,auto-draft,auto-draft,pending,pending,pending
stable-diffusion-alternatives-2026,deep_refresh_candidate,B_indexed_or_visible_refresh,auto-draft,auto-draft,pending,pending,pending
best-ai-design-agent-for-coach,deep_refresh_candidate,B_indexed_or_visible_refresh,auto-draft,auto-draft,pending,pending,pending
ai-illustration-mistakes-2,deep_refresh_candidate,B_indexed_or_visible_refresh,auto-draft,auto-draft,pending,pending,pending
image-to-video-ai-tools,deep_refresh_candidate,B_indexed_or_visible_refresh,auto-draft,auto-draft,pending,pending,pending
best-ai-design-agent-for-wine-bar-owner,deep_refresh_candidate,B_indexed_or_visible_refresh,auto-draft,auto-draft,pending,pending,pending
best-ai-design-tool-for-restaurants-2026,deep_refresh_candidate,B_indexed_or_visible_refresh,auto-draft,auto-draft,pending,pending,pending
free-ai-mockup-generator-guide,deep_refresh_candidate,B_indexed_or_visible_refresh,auto-draft,auto-draft,pending,pending,pending
how-to-chat-generate-fb-ads-lovart,deep_refresh_candidate,B_indexed_or_visible_refresh,auto-draft,auto-draft,pending,pending,pending
best-ai-design-tool-for-non-profits-2026,deep_refresh_candidate,B_indexed_or_visible_refresh,auto-draft,auto-draft,pending,pending,pending
best-ai-design-tools-for-enterprise-2026,deep_refresh_candidate,B_indexed_or_visible_refresh,auto-draft,auto-draft,pending,pending,pending
best-ai-design-agent-for-day-spa-owner,deep_refresh_candidate,B_indexed_or_visible_refresh,auto-draft,auto-draft,pending,pending,pending
how-to-create-flyers-without-photoshop,deep_refresh_candidate,B_indexed_or_visible_refresh,auto-draft,auto-draft,pending,pending,pending
ai-design-for-etsy-sellers,deep_refresh_candidate,B_indexed_or_visible_refresh,auto-draft,auto-draft,pending,pending,pending
ai-video-generation-quality-benchmark-2026,deep_refresh_candidate,B_indexed_or_visible_refresh,auto-draft,auto-draft,pending,pending,pending
canva-alternatives-for-social-media-2026,deep_refresh_candidate,B_indexed_or_visible_refresh,auto-draft,auto-draft,pending,pending,pending
lovart-design-agent-review,deep_refresh_candidate,B_indexed_or_visible_refresh,auto-draft,auto-draft,pending,pending,pending
ai-business-card-prompts,deep_refresh_candidate,B_indexed_or_visible_refresh,auto-draft,auto-draft,pending,pending,pending
ai-product-photography-prompts,deep_refresh_candidate,B_indexed_or_visible_refresh,auto-draft,auto-draft,pending,pending,pending
sora-vs-veo-vs-kling-vs-runway-2026,deep_refresh_candidate,B_indexed_or_visible_refresh,auto-draft,auto-draft,pending,pending,pending
wan-2-1-ai-review,deep_refresh_candidate,B_indexed_or_visible_refresh,auto-draft,auto-draft,pending,pending,pending
best-ai-design-tool-for-startups-2026,deep_refresh_candidate,B_indexed_or_visible_refresh,auto-draft,auto-draft,pending,pending,pending
best-ai-tool-for-product-photos-2026,deep_refresh_candidate,B_indexed_or_visible_refresh,auto-draft,auto-draft,pending,pending,pending
photoshop-alternatives-2026,deep_refresh_candidate,B_indexed_or_visible_refresh,auto-draft,auto-draft,pending,pending,pending
ai-design-agent-explained,deep_refresh_candidate,B_indexed_or_visible_refresh,auto-draft,auto-draft,pending,pending,pending
ai-image-generator-free-tools,deep_refresh_candidate,B_indexed_or_visible_refresh,auto-draft,auto-draft,pending,pending,pending
best-ai-design-agent-for-dtc-founders,deep_refresh_candidate,B_indexed_or_visible_refresh,auto-draft,auto-draft,pending,pending,pending
best-ai-tools-for-small-business-2026,deep_refresh_candidate,B_indexed_or_visible_refresh,auto-draft,auto-draft,pending,pending,pending
free-ai-banner-maker-guide,deep_refresh_candidate,B_indexed_or_visible_refresh,auto-draft,auto-draft,pending,pending,pending
best-ai-design-agent-for-personal-brand-builder,deep_refresh_candidate,B_indexed_or_visible_refresh,auto-draft,auto-draft,pending,pending,pending
freepik-ai-image-generator-vs-lovart,deep_refresh_candidate,B_indexed_or_visible_refresh,auto-draft,auto-draft,pending,pending,pending
how-to-create-amazon-listing-images-ai-design-agent,deep_refresh_candidate,B_indexed_or_visible_refresh,auto-draft,auto-draft,pending,pending,pending
best-ai-design-agent-for-real-estate-agent,deep_refresh_candidate,B_indexed_or_visible_refresh,auto-draft,auto-draft,pending,pending,pending
brand-kit-spa-lovart,deep_refresh_candidate,B_indexed_or_visible_refresh,auto-draft,auto-draft,pending,pending,pending
best-ai-design-agent-for-hair-salon-owner,deep_refresh_candidate,B_indexed_or_visible_refresh,auto-draft,auto-draft,pending,pending,pending
nightcafe-alternative,deep_refresh_candidate,B_indexed_or_visible_refresh,auto-draft,auto-draft,pending,pending,pending
beautyplus-alternative,deep_refresh_candidate,B_indexed_or_visible_refresh,auto-draft,auto-draft,pending,pending,pending
best-ai-design-agent-for-sushi-restaurant-owner,deep_refresh_candidate,B_indexed_or_visible_refresh,auto-draft,auto-draft,pending,pending,pending
how-to-create-promotional-postcards-without-photoshop,deep_refresh_candidate,B_indexed_or_visible_refresh,auto-draft,auto-draft,pending,pending,pending
best-ai-design-agent-for-food-blogger,deep_refresh_candidate,B_indexed_or_visible_refresh,auto-draft,auto-draft,pending,pending,pending
stop-rerolling-5-ai-prompting-mistakes-designers,deep_refresh_candidate,B_indexed_or_visible_refresh,auto-draft,auto-draft,pending,pending,pending
storytelling-thumbnails-intrigue-not-just-subject,deep_refresh_candidate,B_indexed_or_visible_refresh,auto-draft,auto-draft,pending,pending,pending
best-ai-design-agent-for-tattoo-artist,deep_refresh_candidate,B_indexed_or_visible_refresh,auto-draft,auto-draft,pending,pending,pending
japan-market-ai-design-localization-lessons,deep_refresh_candidate,B_indexed_or_visible_refresh,auto-draft,auto-draft,pending,pending,pending
02-industry-product-screenshot-beautification,deep_refresh_candidate,B_indexed_or_visible_refresh,auto-draft,auto-draft,pending,pending,pending
best-ai-design-agent-for-piercing-studio,deep_refresh_candidate,B_indexed_or_visible_refresh,auto-draft,auto-draft,pending,pending,pending
best-ai-design-agent-for-coffee-shop-owners,deep_refresh_candidate,B_indexed_or_visible_refresh,auto-draft,auto-draft,pending,pending,pending
the-best-ai-agent-driven-canvas-for-beauty-salon-owner-with-lovart-all-in-one-design-agent,deep_refresh_candidate,B_indexed_or_visible_refresh,auto-draft,auto-draft,pending,pending,pending
ai-design-accessibility-inclusive-design-guide,deep_refresh_candidate,B_indexed_or_visible_refresh,auto-draft,auto-draft,pending,pending,pending
how-to-create-stunning-ui-layouts-with-ai-design-tools-in-2025,deep_refresh_candidate,B_indexed_or_visible_refresh,auto-draft,auto-draft,pending,pending,pending
real-estate-design-tools-compared,deep_refresh_candidate,B_indexed_or_visible_refresh,auto-draft,auto-draft,pending,pending,pending
comparison-lovart-vs-luma-dream-machine,deep_refresh_candidate,B_indexed_or_visible_refresh,auto-draft,auto-draft,pending,pending,pending
chatcanvas-vs-traditional-design-tools,deep_refresh_candidate,B_indexed_or_visible_refresh,auto-draft,auto-draft,pending,pending,pending
best-ai-design-agent-for-beauty-salon-owner,deep_refresh_candidate,B_indexed_or_visible_refresh,auto-draft,auto-draft,pending,pending,pending
best-ai-design-agent-for-vegan-restaurant-owner,deep_refresh_candidate,B_indexed_or_visible_refresh,auto-draft,auto-draft,pending,pending,pending
brand-consistency-at-scale-ai-campaigns-2027,deep_refresh_candidate,B_indexed_or_visible_refresh,auto-draft,auto-draft,pending,pending,pending
remix-culture-editable-ai-assets-new-stock-photography,deep_refresh_candidate,B_indexed_or_visible_refresh,auto-draft,auto-draft,pending,pending,pending
best-ai-design-agent-for-nutritionist,deep_refresh_candidate,B_indexed_or_visible_refresh,auto-draft,auto-draft,pending,pending,pending
best-agent-for-social-media-marketing-manager,deep_refresh_candidate,B_indexed_or_visible_refresh,auto-draft,auto-draft,pending,pending,pending
best-ai-design-agent-for-pilates-studio-owner,deep_refresh_candidate,B_indexed_or_visible_refresh,auto-draft,auto-draft,pending,pending,pending
best-ai-design-agent-for-shopify-merchant,deep_refresh_candidate,B_indexed_or_visible_refresh,auto-draft,auto-draft,pending,pending,pending
lovart-vs-canva-2026,deep_refresh_candidate,B_indexed_or_visible_refresh,auto-draft,auto-draft,pending,pending,pending
best-ai-design-agent-for-digital-marketing-manager,deep_refresh_candidate,B_indexed_or_visible_refresh,auto-draft,auto-draft,pending,pending,pending
how-to-create-client-contracts-without-photoshop,deep_refresh_candidate,B_indexed_or_visible_refresh,auto-draft,auto-draft,pending,pending,pending
step-by-step-open-house-flyers-without-photoshop,deep_refresh_candidate,B_indexed_or_visible_refresh,auto-draft,auto-draft,pending,pending,pending
traditional-designer-to-ai-designer-transition,deep_refresh_candidate,B_indexed_or_visible_refresh,auto-draft,auto-draft,pending,pending,pending
midjourney-alternatives-for-free-2026,deep_refresh_candidate,B_indexed_or_visible_refresh,auto-draft,auto-draft,pending,pending,pending
lovart-pro-ai-design-agent-logos-brands-video,deep_refresh_candidate,B_indexed_or_visible_refresh,auto-draft,auto-draft,pending,pending,pending
best-ai-design-agent-for-cake-shop-owner,deep_refresh_candidate,B_indexed_or_visible_refresh,auto-draft,auto-draft,pending,pending,pending
layout-grid-systems-design-guide,deep_refresh_candidate,B_indexed_or_visible_refresh,auto-draft,auto-draft,pending,pending,pending
how-to-create-digital-course-workbooks-without-photoeshop,deep_refresh_candidate,B_indexed_or_visible_refresh,auto-draft,auto-draft,pending,pending,pending
how-to-create-email-signatures-without-photoshop,deep_refresh_candidate,B_indexed_or_visible_refresh,auto-draft,auto-draft,pending,pending,pending
aesthetic-feeds-minimalist-retro-theme-ai,deep_refresh_candidate,B_indexed_or_visible_refresh,auto-draft,auto-draft,pending,pending,pending
best-ai-design-agent-for-beauty-salon-owners,deep_refresh_candidate,B_indexed_or_visible_refresh,auto-draft,auto-draft,pending,pending,pending
design-trends-2026,deep_refresh_candidate,B_indexed_or_visible_refresh,auto-draft,auto-draft,pending,pending,pending
best-ai-design-agent-for-corporate-trainer,deep_refresh_candidate,B_indexed_or_visible_refresh,auto-draft,auto-draft,pending,pending,pending
how-to-create-price-guides-without-photoshop,deep_refresh_candidate,B_indexed_or_visible_refresh,auto-draft,auto-draft,pending,pending,pending
how-to-create-service-price-lists-without-photoeshop,deep_refresh_candidate,B_indexed_or_visible_refresh,auto-draft,auto-draft,pending,pending,pending
how-to-politely-argue-with-ai-iteration-tips,deep_refresh_candidate,B_indexed_or_visible_refresh,auto-draft,auto-draft,pending,pending,pending
03-career-chatcanvas-client-review,deep_refresh_candidate,B_indexed_or_visible_refresh,auto-draft,auto-draft,pending,pending,pending
how-to-create-portfolio-pages-without-photoshop,deep_refresh_candidate,B_indexed_or_visible_refresh,auto-draft,auto-draft,pending,pending,pending
halloween-restaurant-marketing-guide-2027,deep_refresh_candidate,B_indexed_or_visible_refresh,auto-draft,auto-draft,pending,pending,pending
how-to-create-business-flyers-without-photoshop,deep_refresh_candidate,B_indexed_or_visible_refresh,auto-draft,auto-draft,pending,pending,pending
how-to-create-course-sales-pages-without-photoeshop,deep_refresh_candidate,B_indexed_or_visible_refresh,auto-draft,auto-draft,pending,pending,pending
canva-vs-ai-design-agents-2026,deep_refresh_candidate,B_indexed_or_visible_refresh,auto-draft,auto-draft,pending,pending,pending
a-step-by-step-guide-to-create-instagram-posts-without-photoshop-2,deep_refresh_candidate,B_indexed_or_visible_refresh,auto-draft,auto-draft,pending,pending,pending
opus-clip-alternative,deep_refresh_candidate,B_indexed_or_visible_refresh,auto-draft,auto-draft,pending,pending,pending
he-death-of-the-stock-footage-era-a-complete-guide-to-ai-powered-video-creation-in-2026,deep_refresh_candidate,B_indexed_or_visible_refresh,auto-draft,auto-draft,pending,pending,pending
veed-io-alternative,deep_refresh_candidate,B_indexed_or_visible_refresh,auto-draft,auto-draft,pending,pending,pending
best-ai-design-agent-for-financial-advisors,deep_refresh_candidate,B_indexed_or_visible_refresh,auto-draft,auto-draft,pending,pending,pending
complete-guide-real-estate-marketing-design-ai,deep_refresh_candidate,B_indexed_or_visible_refresh,auto-draft,auto-draft,pending,pending,pending
bfcm-ecommerce-visual-strategy-2027,deep_refresh_candidate,B_indexed_or_visible_refresh,auto-draft,auto-draft,pending,pending,pending
lovart-digest-may-2026-week3,deep_refresh_candidate,B_indexed_or_visible_refresh,auto-draft,auto-draft,pending,pending,pending
ai-marketing-design-tools,deep_refresh_candidate,B_indexed_or_visible_refresh,auto-draft,auto-draft,pending,pending,pending
midjourney-alternatives-2026,deep_refresh_candidate,B_indexed_or_visible_refresh,auto-draft,auto-draft,pending,pending,pending
ai-design-for-freelancers-pricing,deep_refresh_candidate,B_indexed_or_visible_refresh,auto-draft,auto-draft,pending,pending,pending
best-ai-design-tool-for-affiliate-marketers-2026,deep_refresh_candidate,B_indexed_or_visible_refresh,auto-draft,auto-draft,pending,pending,pending
ai-video-generator-comparison-2026,deep_refresh_candidate,B_indexed_or_visible_refresh,auto-draft,auto-draft,pending,pending,pending
ai-design-for-education,deep_refresh_candidate,B_indexed_or_visible_refresh,auto-draft,auto-draft,pending,pending,pending
best-ai-design-tool-for-real-estate-2026,deep_refresh_candidate,B_indexed_or_visible_refresh,auto-draft,auto-draft,pending,pending,pending
best-ai-design-agent-for-gym-owners,deep_refresh_candidate,B_indexed_or_visible_refresh,auto-draft,auto-draft,pending,pending,pending
02-wiki-chatcanvas-guide,deep_refresh_candidate,B_indexed_or_visible_refresh,auto-draft,auto-draft,pending,pending,pending
how-to-create-referral-cards-without-photoshop,deep_refresh_candidate,B_indexed_or_visible_refresh,auto-draft,auto-draft,pending,pending,pending
content-health-score-framework-ai-design-blogs,deep_refresh_candidate,B_indexed_or_visible_refresh,auto-draft,auto-draft,pending,pending,pending
brand-kit-dtc-brand-lovart,deep_refresh_candidate,B_indexed_or_visible_refresh,auto-draft,auto-draft,pending,pending,pending
complete-guide-ai-collage-moodboard-creation,deep_refresh_candidate,C_long_tail_low_value_review,auto-draft,auto-draft,pending,pending,pending
