date,sessions,totalUsers,newUsers,engagedSessions
2026-01-01,116667,93498,3195,110111
2026-01-02,130675,105076,2388,124584
2026-01-03,145002,117003,1561,140308
2026-01-04,159168,127102,1516,154841
2026-01-05,172890,136659,1669,166872
2026-01-06,171538,134093,1435,165023
2026-01-07,172164,133762,1485,165009
2026-01-08,169885,131193,1554,162843
2026-01-09,148481,116988,1942,140232
2026-01-10,125487,99351,2265,118342
2026-01-11,140270,112585,1718,134133
2026-01-12,168499,130596,1192,162211
2026-01-13,188859,146220,1059,182620
2026-01-14,182641,139992,1132,175594
2026-01-15,182827,140299,1672,175461
2026-01-16,154687,121606,2340,145756
2026-01-17,130015,101976,2842,122057
2026-01-18,151804,119300,1794,145060
2026-01-19,183111,139205,1854,175319
2026-01-20,186984,142365,1714,178879
2026-01-21,189862,144509,1860,181822
2026-01-22,185659,139909,1748,176786
2026-01-23,153798,118891,2232,143278
2026-01-24,126167,99193,2781,117810
2026-01-25,155143,122083,2048,147690
2026-01-26,181414,138821,1515,173257
2026-01-27,181558,139027,1603,172844
2026-01-28,180505,138467,1500,171914
2026-01-29,176066,134808,1498,167209
2026-01-30,151841,120299,2268,142022
2026-01-31,124057,99316,3120,116158
2026-02-01,146894,116930,2063,139698
2026-02-02,175146,133907,1539,166279
2026-02-03,177502,135244,1743,168387
2026-02-04,178900,137101,1856,169768
2026-02-05,175154,133341,1786,165334
2026-02-06,151244,117969,2371,140431
2026-02-07,128252,100766,2818,119642
2026-02-08,148066,116606,2336,139767
2026-02-09,173022,131985,1978,162295
2026-02-10,172190,132069,2030,161202
2026-02-11,163944,126562,2009,152987
2026-02-12,155980,120219,2343,144232
2026-02-13,136511,106334,2881,125585
2026-02-14,105745,84068,2620,98470
2026-02-15,103487,82247,2595,96760
2026-02-16,114274,90093,2866,105959
2026-02-17,116928,91651,2878,109050
2026-02-18,122224,96322,3545,113849
2026-02-19,121557,95758,4393,112699
2026-02-20,112454,88631,3732,104396
2026-02-21,105565,84691,5207,98802
2026-02-22,115218,91930,3908,107969
2026-02-23,154717,123205,2489,145319
2026-02-24,165950,129935,2309,156368
2026-02-25,170322,131232,2495,160651
2026-02-26,171751,131462,1914,162413
2026-02-27,163451,125232,1854,153587
2026-02-28,128559,101005,2541,118316
2026-03-01,149729,116329,1873,141252
2026-03-02,178609,134747,1472,168810
2026-03-03,176902,133628,1328,166967
2026-03-04,180499,136886,1568,170788
2026-03-05,182121,136335,1353,172212
2026-03-06,151720,117627,2421,139964
2026-03-07,121671,94345,2682,112688
2026-03-08,145790,114926,1854,137440
2026-03-09,182610,137786,1409,173452
2026-03-10,184422,138389,1207,175034
2026-03-11,183599,137549,1490,174336
2026-03-12,182649,136150,1314,173356
2026-03-13,154557,118276,2106,142903
2026-03-14,119303,91484,2975,110229
2026-03-15,146936,113758,1932,138519
2026-03-16,184669,136480,1276,175850
2026-03-17,183909,136355,1375,174642
2026-03-18,182306,134761,1269,173406
2026-03-19,179581,132296,1228,170158
2026-03-20,144029,110074,1711,132793
2026-03-21,112686,86476,2881,104030
2026-03-22,139363,108046,1747,131456
2026-03-23,174479,130346,1192,165373
2026-03-24,173008,129349,1155,164616
2026-03-25,177895,133224,1317,168351
2026-03-26,196950,150439,1086,189079
2026-03-27,151276,115618,1789,139503
2026-03-28,117606,89847,2437,108555
2026-03-29,142783,110094,1688,134098
2026-03-30,179317,131747,1293,169566
2026-03-31,180331,132365,1311,170410
2026-04-01,178422,131833,1078,168811
2026-04-02,176311,130412,1509,166675
2026-04-03,138189,106482,1649,126938
2026-04-04,103842,79600,2120,96239
2026-04-05,111710,84954,2097,103925
2026-04-06,155917,118980,1451,146668
2026-04-07,176827,131482,1020,167412
2026-04-08,180092,131496,942,171155
2026-04-09,179449,130768,1074,170028
2026-04-10,155678,118628,1911,144504
2026-04-11,119338,92131,2361,110286
2026-04-12,144971,112173,1545,136865
2026-04-13,178068,131898,1125,169436
2026-04-14,182904,134858,1042,173940
2026-04-15,180188,132838,1030,171197
2026-04-16,174853,129432,1004,165188
2026-04-17,145076,110634,1355,133722
2026-04-18,113163,87095,2165,104646
2026-04-19,143788,111571,1533,135906
2026-04-20,178390,132526,1128,168848
2026-04-21,180916,134166,962,171993
2026-04-22,194123,145050,996,185073
2026-04-23,199777,148524,1079,190178
2026-04-24,164784,126285,1473,152554
2026-04-25,121618,93695,2152,112078
2026-04-26,156132,121086,1517,147557
2026-04-27,190777,140971,1166,180444
2026-04-28,185869,137829,1050,175094
2026-04-29,180881,133497,1034,169347
2026-04-30,139101,107254,1729,125174
2026-05-01,95098,72922,1903,87819
2026-05-02,93042,71249,1785,86129
2026-05-03,104310,79904,1775,96737
2026-05-04,127604,96119,1665,117641
2026-05-05,163290,127583,1222,153885
2026-05-06,185662,139593,958,175650
2026-05-07,186106,137725,948,176106
2026-05-08,174839,130354,997,164059
2026-05-09,133315,103706,1708,121777
2026-05-10,144417,112710,1283,136259
2026-05-11,184780,135398,891,174634
2026-05-12,185116,135917,888,174657
2026-05-13,187591,137594,959,177068
2026-05-14,186084,135955,951,174916
2026-05-15,149040,113308,1260,135875
2026-05-16,109621,83075,1920,100685
2026-05-17,143739,111369,1218,135306
2026-05-18,184495,135805,933,173793
2026-05-19,186649,137862,1025,175468
2026-05-20,183269,134174,1000,171871
2026-05-21,179014,131557,1040,167591
2026-05-22,144497,110270,1291,131511
2026-05-23,104746,79659,1793,95944
2026-05-24,140928,109467,1309,132513
2026-05-25,178743,131453,959,167849
2026-05-26,180661,132326,999,169815
2026-05-27,173776,127207,1151,163991
2026-05-28,173919,127095,1168,162907
2026-05-29,136936,104609,1712,124463
2026-05-30,96729,73987,1974,88830
2026-05-31,133232,103558,1342,124717
2026-06-01,168917,125287,1036,158370
2026-06-02,175409,128567,1036,164675
2026-06-03,173404,128035,1034,162723
2026-06-04,172994,126614,1081,161673
2026-06-05,141167,107345,1263,128184
2026-06-06,96405,73385,1496,87893
2026-06-07,133686,103301,1106,125322
2026-06-08,172868,126744,1063,161827
2026-06-09,182386,133032,1124,170206
2026-06-10,184834,134117,1027,173089
2026-06-11,181275,132424,1018,169402
2026-06-12,147175,110028,1300,132078
2026-06-13,102681,76957,1851,92671
2026-06-14,143623,110137,1322,133930
2026-06-15,181018,131845,1088,168573
2026-06-16,182738,132803,1046,169478
2026-06-17,179099,128716,927,165474
2026-06-18,129169,98755,1468,112500
2026-06-19,91279,68495,1838,82752
2026-06-20,88613,67081,1727,80998
2026-06-21,134702,104413,1270,125315
2026-06-22,171183,126051,1023,159011
2026-06-23,170815,124988,1033,158838
2026-06-24,176485,127197,967,164940
2026-06-25,166796,120052,1089,153536
2026-06-26,135092,100592,1405,120404
2026-06-27,92410,69726,1681,82850
2026-06-28,130251,99724,1423,120755
2026-06-29,161144,117779,1064,147870
2026-06-30,163764,119509,1058,151143
2026-07-01,165468,121252,926,152473
2026-07-02,161659,117233,933,148892
2026-07-03,128675,97061,1140,114161
2026-07-04,87517,65549,1400,78611
2026-07-05,124055,94868,1083,115049
2026-07-06,164161,118725,938,150711
2026-07-07,167618,121783,889,155014
2026-07-08,161610,117195,823,149183
2026-07-09,160341,115354,907,146669
2026-07-10,125834,94675,1139,111347
2026-07-11,87813,65753,2381,78826
2026-07-12,120897,92565,1011,112338
2026-07-13,159748,115514,1069,147459
2026-07-14,161710,116286,853,148835
2026-07-15,158837,114483,893,146486
2026-07-16,153540,110511,978,140277
2026-07-17,125155,92863,1156,110221
2026-07-18,84576,63088,1333,75987
2026-07-19,119013,91250,1111,110415
2026-07-20,156304,113090,893,143754
2026-07-21,163397,118249,1628,150485
2026-07-22,161544,116785,1134,148137
2026-07-23,158448,113271,1060,144655
2026-07-24,125990,93228,1599,111147
2026-07-25,84443,63236,1706,75913
2026-07-26,121347,92360,1664,112482
2026-07-27,159631,115055,1369,146736
2026-07-28,156278,112977,1127,143005
2026-07-29,158126,113195,1122,144462
2026-07-30,155623,111231,1222,141517
2026-07-31,120549,89751,1490,105500
2026-08-01,78205,58564,1526,70203
2026-08-02,116205,88942,1503,107311
2026-08-03,155227,111794,1222,142054
2026-08-04,155517,111963,1247,142250
2026-08-05,156126,111874,1147,142507
2026-08-06,153173,109431,1072,139650
2026-08-07,123689,91735,1560,109001
2026-08-08,78661,58985,1573,70735
2026-08-09,116131,88438,1593,107509
2026-08-10,151292,108944,1135,138415
2026-08-11,153028,109608,1124,139815
2026-08-12,154627,109827,1190,140805
2026-08-13,152652,108663,1111,138929
2026-08-14,120975,89343,1548,106366
2026-08-15,76438,56847,1395,68759
2026-08-16,113638,86298,1478,105161
2026-08-17,149959,107104,1254,137053
2026-08-18,153484,110410,1663,140140
2026-08-19,150991,108199,1396,137573
2026-08-20,153762,110865,1162,141097
2026-08-21,123222,92599,1454,109848
2026-08-22,78282,59070,1364,70855
2026-08-23,120180,92512,1547,111613
2026-08-24,160740,116339,1032,148011
2026-08-25,157320,114350,940,144825
2026-08-26,156941,113557,1150,144159
2026-08-27,155630,112260,1278,142687
2026-08-28,123491,92859,2241,109710
2026-08-29,80320,60772,2130,72528
2026-08-30,118999,91450,1688,110646
2026-08-31,154874,112938,1483,142450
