date,impressions,clicks
2025-05-13,1515,418
2025-05-14,2086,699
2025-05-15,2657,1084
2025-05-16,1539,619
2025-05-17,1098,336
2025-05-18,1919,687
2025-05-19,2317,942
2025-05-20,1980,930
2025-05-21,1507,734
2025-05-22,1267,650
2025-05-23,835,454
2025-05-24,650,360
2025-05-25,1038,601
2025-05-26,1015,536
2025-05-27,2676,1624
2025-05-28,2610,1495
2025-05-29,1563,903
2025-05-30,951,613
2025-05-31,909,602
2025-06-01,791,506
2025-06-02,1271,780
2025-06-03,1362,816
2025-06-04,1412,756
2025-06-05,1235,705
2025-06-06,807,466
2025-06-07,646,431
2025-06-08,1074,625
2025-06-09,1245,663
2025-06-10,1319,751
2025-06-11,1598,967
2025-06-12,1500,869
2025-06-13,853,465
2025-06-14,569,327
2025-06-15,786,401
2025-06-16,1001,542
2025-06-17,989,534
2025-06-18,1059,575
2025-06-19,1024,550
2025-06-20,578,380
2025-06-21,459,282
2025-06-22,768,414
2025-06-23,818,483
2025-06-24,823,459
2025-06-25,759,411
2025-06-26,861,463
2025-06-27,540,341
2025-06-28,506,298
2025-06-29,673,328
2025-06-30,743,417
2025-07-01,785,430
2025-07-02,874,448
2025-07-03,1019,471
2025-07-04,524,228
2025-07-05,1050,473
2025-07-06,1039,396
2025-07-07,1222,531
2025-07-08,1096,478
2025-07-09,1128,533
2025-07-10,1033,448
2025-07-11,1052,401
2025-07-12,1799,317
2025-07-13,2399,443
2025-07-14,3297,610
2025-07-15,3115,495
2025-07-16,3279,577
2025-07-17,2554,539
2025-07-18,1934,487
2025-07-19,1398,397
2025-07-20,1893,594
2025-07-21,2609,763
2025-07-22,2023,796
2025-07-23,2477,1260
2025-07-24,2724,1380
2025-07-25,2099,1013
2025-07-26,1579,715
2025-07-27,2522,897
2025-07-28,3337,1107
2025-07-29,3304,1018
2025-07-30,3228,950
2025-07-31,2670,865
2025-08-01,1970,730
2025-08-02,1473,537
2025-08-03,2083,671
2025-08-04,2888,878
2025-08-05,2823,818
2025-08-06,2770,821
2025-08-07,3065,762
2025-08-08,2825,638
2025-08-09,2055,549
2025-08-10,3075,665
2025-08-11,3733,806
2025-08-12,3507,819
2025-08-13,3824,737
2025-08-14,3568,710
2025-08-15,3169,722
2025-08-16,2584,578
2025-08-17,3367,627
2025-08-18,5645,789
2025-08-19,6043,821
2025-08-20,5448,840
2025-08-21,5317,820
2025-08-22,3886,706
2025-08-23,2375,542
2025-08-24,2903,684
2025-08-25,3810,851
2025-08-26,2822,875
2025-08-27,2383,786
2025-08-28,2617,803
2025-08-29,2561,787
2025-08-30,2528,831
2025-08-31,3536,1005
2025-09-01,4234,1177
2025-09-02,5353,1314
2025-09-03,6512,1831
2025-09-04,5787,1400
2025-09-05,4992,1405
2025-09-06,4469,1198
2025-09-07,4644,1408
2025-09-08,8586,3159
2025-09-09,7076,2372
2025-09-10,7162,2589
2025-09-11,6848,2228
2025-09-12,6017,1904
2025-09-13,4330,1504
2025-09-14,7176,2550
2025-09-15,10959,3928
2025-09-16,10911,3900
2025-09-17,9557,3570
2025-09-18,8590,3201
2025-09-19,6534,2407
2025-09-20,4705,1704
2025-09-21,5423,2003
2025-09-22,6867,2505
2025-09-23,7343,2561
2025-09-24,7849,2659
2025-09-25,7661,2504
2025-09-26,6046,2099
2025-09-27,5598,1968
2025-09-28,6513,2133
2025-09-29,7671,2441
2025-09-30,6407,2014
2025-10-01,7482,1567
2025-10-02,4724,1144
2025-10-03,4306,1000
2025-10-04,3305,874
2025-10-05,3433,860
2025-10-06,4114,971
2025-10-07,4803,1216
2025-10-08,6429,1853
2025-10-09,7868,2331
2025-10-10,7081,1953
2025-10-11,5128,1456
2025-10-12,6012,1616
2025-10-13,7370,1735
2025-10-14,8442,1579
2025-10-15,9123,1621
2025-10-16,9285,1660
2025-10-17,7412,1235
2025-10-18,6005,1002
2025-10-19,6643,1202
2025-10-20,7500,1511
2025-10-21,7987,1709
2025-10-22,7317,1558
2025-10-23,7079,2079
2025-10-24,5492,1754
2025-10-25,4351,1329
2025-10-26,5198,1775
2025-10-27,6624,2195
2025-10-28,8034,2508
2025-10-29,9668,2288
2025-10-30,10461,2386
2025-10-31,8039,1735
2025-11-01,7293,1400
2025-11-02,10180,1886
2025-11-03,10651,2393
2025-11-04,8929,2307
2025-11-05,10485,2411
2025-11-06,12289,2519
2025-11-07,10133,1813
2025-11-08,8121,1371
2025-11-09,9882,1899
2025-11-10,10655,2391
2025-11-11,11388,2631
2025-11-12,10789,2668
2025-11-13,10336,2614
2025-11-14,7434,1835
2025-11-15,4877,1562
2025-11-16,6300,2264
2025-11-17,8111,2664
2025-11-18,9912,2827
2025-11-19,10550,3052
2025-11-20,11018,3543
2025-11-21,10932,3561
2025-11-22,10745,3420
2025-11-23,15756,5282
2025-11-24,16407,5729
2025-11-25,18110,6216
2025-11-26,18918,6418
2025-11-27,17559,5972
2025-11-28,13321,4428
2025-11-29,10197,4011
2025-11-30,14023,5766
2025-12-01,20833,6772
2025-12-02,26362,6848
2025-12-03,28626,6304
2025-12-04,31491,5901
2025-12-05,24173,4281
2025-12-06,18627,3839
2025-12-07,22610,5228
2025-12-08,26012,6519
2025-12-09,24592,6608
2025-12-10,23952,7024
2025-12-11,25818,6826
2025-12-12,32848,4677
2025-12-13,40003,3732
2025-12-14,83239,6191
2025-12-15,82241,8001
2025-12-16,66828,7294
2025-12-17,42171,7440
2025-12-18,30853,6931
2025-12-19,15924,4935
2025-12-20,12710,4357
2025-12-21,16634,6430
2025-12-22,18673,7327
2025-12-23,18789,7476
2025-12-24,17656,7114
2025-12-25,24837,15767
2025-12-26,17405,10034
2025-12-27,14683,7895
2025-12-28,17362,10346
2025-12-29,17329,9966
2025-12-30,17478,9040
2025-12-31,14642,4359
2026-01-01,22823,4111
2026-01-02,22685,4981
2026-01-03,28432,7852
2026-01-04,37310,9185
2026-01-05,38605,10296
2026-01-06,38369,9072
2026-01-07,35420,8342
2026-01-08,32943,9039
2026-01-09,32159,8028
2026-01-10,19608,5427
2026-01-11,22793,7435
2026-01-12,21936,8204
2026-01-13,23246,8625
2026-01-14,22265,8210
2026-01-15,21913,7127
2026-01-16,17816,5411
2026-01-17,14421,4839
2026-01-18,18363,6643
2026-01-19,19890,7428
2026-01-20,20495,7126
2026-01-21,19205,7142
2026-01-22,17953,6501
2026-01-23,12915,4683
2026-01-24,11366,3885
2026-01-25,14556,5781
2026-01-26,16468,6482
2026-01-27,17612,6167
2026-01-28,17577,6141
2026-01-29,18348,6091
2026-01-30,13956,4640
2026-01-31,10227,3623
2026-02-01,14767,5488
2026-02-02,17108,6259
2026-02-03,17236,6217
2026-02-04,15973,5990
2026-02-05,15226,5500
2026-02-06,12302,4298
2026-02-07,10285,3399
2026-02-08,13384,4639
2026-02-09,16998,5298
2026-02-10,16583,4940
2026-02-11,14901,4413
2026-02-12,13010,3833
2026-02-13,10208,3175
2026-02-14,7864,2441
2026-02-15,8528,2304
2026-02-16,8781,2206
2026-02-17,9095,2314
2026-02-18,9481,2360
2026-02-19,9465,2425
2026-02-20,8973,2373
2026-02-21,8088,2514
2026-02-22,10389,2991
2026-02-23,15547,4951
2026-02-24,20515,6023
2026-02-25,22112,6654
2026-02-26,25993,6674
2026-02-27,38147,7239
2026-02-28,33596,5772
2026-03-01,33631,6826
2026-03-02,34226,7506
2026-03-03,32517,7919
2026-03-04,34322,8555
2026-03-05,32618,8540
2026-03-06,22114,6495
2026-03-07,20239,5160
2026-03-08,23386,6996
2026-03-09,29299,9752
2026-03-10,25649,10001
2026-03-11,27253,10291
2026-03-12,26311,10016
2026-03-13,19597,7623
2026-03-14,14783,5742
2026-03-15,21286,8652
2026-03-16,26897,11068
2026-03-17,25427,10667
2026-03-18,25186,10638
2026-03-19,23564,9907
2026-03-20,18897,7145
2026-03-21,14168,6128
2026-03-22,20525,9450
2026-03-23,26951,12632
2026-03-24,27173,12120
2026-03-25,30039,11075
2026-03-26,32895,11239
2026-03-27,21935,7917
2026-03-28,15239,6324
2026-03-29,22477,8801
2026-03-30,29075,10917
2026-03-31,30387,10224
2026-04-01,28211,10047
2026-04-02,24431,9389
2026-04-03,16122,5832
2026-04-04,12489,4514
2026-04-05,12827,5401
2026-04-06,22104,8972
2026-04-07,24321,8995
2026-04-08,25942,9478
2026-04-09,26306,9794
2026-04-10,20535,7445
2026-04-11,14729,5391
2026-04-12,20261,7632
2026-04-13,22028,8204
2026-04-14,27764,9920
2026-04-15,30674,9929
2026-04-16,28423,9577
2026-04-17,18528,6369
2026-04-18,13644,5023
2026-04-19,18109,7095
2026-04-20,23424,9000
2026-04-21,23900,9075
2026-04-22,28165,11321
2026-04-23,30421,12883
2026-04-24,22536,8794
2026-04-25,17415,6443
2026-04-26,23788,8592
2026-04-27,28556,10454
2026-04-28,26821,9264
2026-04-29,23568,7846
2026-04-30,16517,4898
2026-05-01,12363,3661
2026-05-02,11405,3844
2026-05-03,12868,4218
2026-05-04,15857,4961
2026-05-05,23151,7494
2026-05-06,25123,8335
2026-05-07,25138,8221
2026-05-08,22978,7537
2026-05-09,16475,5318
2026-05-10,20308,6608
2026-05-11,24427,7682
2026-05-12,24806,7956
2026-05-13,22730,8080
2026-05-14,22669,7452
2026-05-15,15225,5293
2026-05-16,12759,4604
2026-05-17,17141,6467
2026-05-18,20691,7728
2026-05-19,23157,7671
2026-05-20,22231,7295
2026-05-21,19042,7056
2026-05-22,13971,5353
2026-05-23,11164,4415
2026-05-24,15054,6393
2026-05-25,18350,7885
2026-05-26,18791,8034
2026-05-27,18414,8114
2026-05-28,17965,7767
2026-05-29,14321,5622
2026-05-30,10395,4218
2026-05-31,15087,5794
2026-06-01,19681,7022
2026-06-02,20566,7207
2026-06-03,21270,7462
2026-06-04,20199,7175
2026-06-05,15317,5165
2026-06-06,12210,3909
2026-06-07,16349,5812
2026-06-08,21073,7379
2026-06-09,21147,7198
2026-06-10,21329,7148
2026-06-11,20210,6840
2026-06-12,14182,4434
2026-06-13,10627,3635
2026-06-14,15668,5755
2026-06-15,18367,6688
2026-06-16,19227,7328
2026-06-17,21662,6332
2026-06-18,14974,3986
2026-06-19,11947,3244
2026-06-20,11270,3322
2026-06-21,17170,5354
2026-06-22,21622,6483
2026-06-23,22472,6813
2026-06-24,22736,6712
2026-06-25,20741,5806
2026-06-26,15967,4257
2026-06-27,15870,3554
2026-06-28,29073,5206
2026-06-29,27817,6119
2026-06-30,30799,6840
2026-07-01,31209,7425
2026-07-02,29593,6869
2026-07-03,21829,4430
2026-07-04,16605,2878
2026-07-05,24625,4959
2026-07-06,22825,5736
2026-07-07,22779,5837
2026-07-08,22870,5956
2026-07-09,21458,5423
2026-07-10,15687,3875
2026-07-11,12230,2965
2026-07-12,17077,4482
2026-07-13,19784,5419
2026-07-14,19803,5439
2026-07-15,19431,5529
2026-07-16,19888,5617
2026-07-17,15249,4054
2026-07-18,12061,2831
2026-07-19,15692,4022
2026-07-20,20030,5677
2026-07-21,19421,5192
2026-07-22,19854,5361
2026-07-23,19046,5317
2026-07-24,14711,4189
2026-07-25,11219,2896
2026-07-26,15854,4375
2026-07-27,18972,5283
2026-07-28,18637,5057
2026-07-29,18017,4876
2026-07-30,18193,4930
2026-07-31,14420,3581
2026-08-01,10805,2437
2026-08-02,15046,3798
2026-08-03,19324,5372
2026-08-04,19030,5495
2026-08-05,19008,5427
2026-08-06,18246,5013
2026-08-07,14592,3725
2026-08-08,10958,2660
2026-08-09,15664,4290
2026-08-10,19403,5226
2026-08-11,20847,5570
2026-08-12,20718,5452
2026-08-13,20178,5081
2026-08-14,16014,4002
2026-08-15,11815,2644
2026-08-16,15774,3880
2026-08-17,19956,5302
2026-08-18,21056,5162
2026-08-19,21597,5193
2026-08-20,20393,5115
2026-08-21,15509,3591
2026-08-22,11612,2331
2026-08-23,15335,3763
2026-08-24,19950,4639
2026-08-25,20336,4187
2026-08-26,20607,3925
2026-08-27,19006,4209
2026-08-28,14747,2962
2026-08-29,11121,1873
2026-08-30,16668,2824
2026-08-31,23027,4001
2026-09-01,22725,3988
2026-09-02,22052,3762
2026-09-03,21472,3677
2026-09-04,15824,2503
2026-09-05,12452,1952
2026-09-06,17648,3210
2026-09-07,23614,4391
2026-09-08,23249,3943
2026-09-09,22406,3841
2026-09-10,21962,3821
2026-09-11,17053,2731
