date,sessions,totalUsers,newUsers,activeUsers,engagedSessions,averageSessionDuration,bounceRate,screenPageViews
2026-01-01,213616,149696,86520,146474,190802,475.47383369766311,0.10679911617107332,1781451
2026-01-02,290626,201854,124290,198555,262787,489.0505232937349,0.095789777927645842,2543503
2026-01-03,339912,234396,130708,230266,305735,493.49458660853685,0.10054661206429899,3026453
2026-01-04,406220,272272,153245,267097,363868,422.83796645547,0.10425877603269164,3202469
2026-01-05,358932,238449,114272,232809,311411,451.22152248073445,0.13239555124647565,2709878
2026-01-06,354760,230674,107753,224648,308266,455.26634790742474,0.13105761641673244,2571766
2026-01-07,350393,227290,104548,222196,307823,446.00747388880205,0.12149215309666575,2494136
2026-01-08,345610,219661,103939,213699,299375,459.75045169644108,0.13377795781372068,2568497
2026-01-09,299768,204605,101157,197969,258256,434.69091559532706,0.13848042486189319,2124179
2026-01-10,241858,177518,96801,173370,213381,435.82692005153854,0.11774264237693192,1830817
2026-01-11,307857,212656,111632,208198,274102,445.06225792229179,0.10964506248030742,2059813
2026-01-12,375328,235317,112024,229376,325467,470.25811446430856,0.13284647028732202,2642907
2026-01-13,370998,230399,105848,224632,316550,493.79265766784721,0.1467608989805875,2852243
2026-01-14,354939,217587,92408,211734,307266,490.30488000531915,0.13431322001808763,2561171
2026-01-15,343093,213954,90669,207771,296678,494.64940850218454,0.13528401920179076,2481345
2026-01-16,280355,183229,79622,176959,238502,471.55394779289469,0.14928572702466517,1998853
2026-01-17,218818,148944,70761,145295,190068,467.59298217635654,0.13138772861464779,1594982
2026-01-18,276470,184411,80323,180597,237101,476.42765367370777,0.14239881361449705,1963155
2026-01-19,346876,212569,92158,207136,297104,462.61595426618737,0.14348643319226467,2285213
2026-01-20,335784,201203,76355,196075,282882,485.40036386807,0.15754770924165534,2207831
2026-01-21,342281,198644,77445,193419,292554,477.14303331282781,0.14528121631057522,2227815
2026-01-22,319880,190568,71109,184415,265942,494.172119230352,0.16861948230586471,2102727
2026-01-23,259472,162372,63837,156619,216984,445.20296392248878,0.1637479188505889,1616656
2026-01-24,198146,133928,60796,130587,167620,447.70401709418314,0.15405811876091366,1352763
2026-01-25,266722,168165,65954,163818,229452,443.63258884697177,0.13973350529765075,1767804
2026-01-26,335980,199274,78153,193338,283975,460.56085534188048,0.15478599916661706,2128725
2026-01-27,317539,192153,71405,186668,269711,484.92380080893372,0.15062086861771309,2127378
2026-01-28,322752,188115,69416,182824,276966,480.26922301856843,0.14186124330755503,2130990
2026-01-29,313435,191471,71442,185502,270281,484.89277982244488,0.13768085887026019,2081185
2026-01-30,249537,160166,60428,153636,212674,471.1541417810505,0.14772558778858447,1659104
2026-01-31,202450,137834,62556,133787,176521,424.74066080745865,0.12807606816497902,1328644
2026-02-01,258200,168018,66780,163999,224014,438.99013834715726,0.13240123934934159,1694952
2026-02-02,302703,189605,69265,184830,258995,485.59735481399264,0.14439235818607679,1986040
2026-02-03,321298,189679,69319,184539,275513,461.27009056729571,0.14250010893313994,2021920
2026-02-04,313911,179486,60748,174542,270298,467.01812742102373,0.13893428392123883,1975082
2026-02-05,301614,177951,61201,172613,261648,477.15327604182835,0.13250711173884502,1910764
2026-02-06,233159,148661,50671,143093,198504,476.27198003019828,0.14863247826590439,1483967
2026-02-07,188087,121117,46297,117370,161263,454.64030748646638,0.14261485376448133,1235598
2026-02-08,229808,150076,51480,145719,200599,450.8561587754038,0.12710175450811112,1501741
2026-02-09,279363,170330,56690,165232,240424,464.67435580308057,0.13938495792213,1741824
2026-02-10,266291,162819,54603,158316,228015,477.10209789932441,0.14373749018930418,1710204
2026-02-11,254993,157552,56892,153102,220626,458.37590135765294,0.13477624875976987,1616062
2026-02-12,230738,147383,54206,142637,198637,426.76306879220158,0.13912316133450059,1445144
2026-02-13,179832,115652,40450,111091,152789,436.55826733036395,0.15037924284888118,1150085
2026-02-14,136263,90983,33872,88219,119906,435.89704767264038,0.12003992279635704,935308
2026-02-15,129169,87535,32342,85358,113572,437.44462752592341,0.12074878647353467,886946
2026-02-16,137873,88671,31774,86300,117100,442.01355857475357,0.15066764341096517,919288
2026-02-17,142520,91863,33451,89728,125329,429.16269994870191,0.12062166713443727,956672
2026-02-18,143894,94607,33921,92232,126334,442.53753730837286,0.12203427523037792,984194
2026-02-19,144751,93798,32878,91238,126905,432.13518983627745,0.12328757659705288,947694
2026-02-20,131715,89832,32623,87251,114097,456.59022783686748,0.1337584937174961,915948
2026-02-21,131270,91117,37880,88967,115477,457.28634254595869,0.12030928620400701,937131
2026-02-22,154467,101807,41921,99290,138108,423.47497884070378,0.105906115869409,1023018
2026-02-23,218321,141146,48822,137974,190412,436.84271454568278,0.12783470211294379,1455915
2026-02-24,255835,156157,55742,151765,218771,430.78134062777178,0.14487462622393341,1684831
2026-02-25,274263,166659,59546,162084,240184,452.29854658888729,0.12425664417001199,1713502
2026-02-26,287632,174071,61448,169465,247172,450.33244334812883,0.14066585080936753,1752422
2026-02-27,271350,171210,64071,165961,234659,451.48909260173207,0.13521651004238069,1650710
2026-02-28,190462,126922,45949,121689,163008,434.04230477485271,0.14414423874578655,1169365
2026-03-01,228094,139255,42174,135500,197168,457.03492347291029,0.13558445202416547,1444299
2026-03-02,285925,170453,53784,165475,240689,485.51816135349821,0.15820932062603829,1824643
2026-03-03,292466,169265,53747,163155,248139,462.51973962028063,0.15156291671510536,1802292
2026-03-04,294607,172784,54510,167679,253078,477.63771686363526,0.14096406399033287,1860180
2026-03-05,304226,171892,50746,166381,256476,471.7553330407,0.15695568426104278,1854910
2026-03-06,223778,142862,44821,136707,192301,471.91538795782873,0.14066172724753997,1386316
2026-03-07,159006,103811,35043,100890,139275,459.22638344178205,0.12408965699407569,1049472
2026-03-08,210565,131573,37667,127455,184085,454.94819636171729,0.12575689217106356,1365960
2026-03-09,298254,171706,53975,166932,255338,477.23852808561162,0.14389077765931052,1904460
2026-03-10,305099,172986,53277,167377,262198,484.19811738601567,0.14061337467510546,1933417
2026-03-11,310676,176747,55472,171782,267692,470.43103695188233,0.1383563583926663,1905555
2026-03-12,308087,173347,53633,167759,256761,489.00418039179192,0.16659579923852677,1915304
2026-03-13,242952,148642,46523,142969,205314,457.23148541562529,0.15491949026968291,1435104
2026-03-14,167746,108477,38941,104582,144021,452.00384390366986,0.14143407294361712,1054546
2026-03-15,226600,140033,42763,136807,198315,449.81093392234771,0.12482347749338041,1397486
2026-03-16,320792,181431,56926,176834,270185,479.1130233150796,0.15775642784109328,1995512
2026-03-17,319105,176150,52618,170140,273202,476.37861954317862,0.14384920324031275,1914382
2026-03-18,311736,181502,56238,176489,270429,489.31806453622295,0.13250635152821619,1903453
2026-03-19,308182,169662,48742,163831,260877,484.36852536483633,0.1534969595888144,1820715
2026-03-20,233334,143528,45194,137844,193590,460.27443178896345,0.17033094191159454,1358550
2026-03-21,158333,99769,35608,96383,134268,439.66930068651516,0.1519897936627235,978939
2026-03-22,216271,134582,39520,130257,186615,448.50405489419757,0.13712425614160012,1319126
2026-03-23,295139,165450,44914,160859,250238,475.61858819785255,0.15213509566678751,1774270
2026-03-24,310391,171274,45829,165778,259609,458.04671314193706,0.16360654787026685,1871885
2026-03-25,307161,170104,43884,164073,255280,458.17091478773347,0.16890490654738069,1818141
2026-03-26,307059,170729,44060,165825,260870,506.39915791353127,0.15042385990965906,2248167
2026-03-27,235364,140250,35755,134122,194684,467.25087213812219,0.17283866691592598,1400676
2026-03-28,157838,99703,29432,96324,132527,467.41734210956173,0.16036062291716824,1027615
2026-03-29,216363,136033,34874,132014,185527,451.17840842526221,0.14251974690681862,1343453
2026-03-30,311891,168835,42412,162893,255042,469.932187575342,0.18227201169639393,1861503
2026-03-31,316379,170513,42549,164543,264744,474.8897860601873,0.16320615464363944,1953176
2026-04-01,307401,168187,42071,162911,254876,460.17217667680325,0.17086801929726969,1860940
2026-04-02,301421,163308,39423,157652,249250,476.07068362065343,0.17308349451431718,1868465
2026-04-03,208082,127329,33409,121311,170576,456.89444326157962,0.18024624907488393,1288739
2026-04-04,136867,84917,26429,82520,117738,453.80755154679366,0.13976341996244529,905857
2026-04-05,154984,92063,28476,89437,131587,446.04369667561815,0.15096397047437154,1031807
2026-04-06,238324,145748,36958,142098,203269,460.21743840844817,0.14708967623906949,1534320
2026-04-07,301634,168030,43825,162908,252973,447.87109816426522,0.1613246517302426,1810985
2026-04-08,313032,169791,42655,163607,264848,435.21472439754723,0.15392675509213116,1946502
2026-04-09,306595,168013,42048,162146,253277,456.61618779705145,0.17390368401311176,1882166
2026-04-10,243774,149472,41433,143046,203106,415.35438164792805,0.16682665091437152,1482797
2026-04-11,167400,104987,32270,101294,141322,419.94027642669056,0.15578255675029867,1070347
2026-04-12,216869,139996,36180,136215,188631,431.11687935305645,0.13020763686833986,1406517
2026-04-13,302111,174783,43607,169469,251964,429.13735837052604,0.16598865979722685,1872849
2026-04-14,323519,176945,46155,171298,272273,416.04561966209405,0.15840182493145688,1872094
2026-04-15,308638,175822,45570,170382,253642,426.97568028550603,0.17818933507863582,1844307
2026-04-16,294810,168576,41776,163125,244482,431.64437689176418,0.17071334079576678,1768889
2026-04-17,228649,139811,37776,133661,189407,418.7480197459206,0.17162550459437828,1333312
2026-04-18,163872,103353,34401,100108,136816,405.16126718445491,0.16510447178285492,1009924
2026-04-19,218619,136583,35798,132948,188489,421.19616806094626,0.13781967715523352,1400972
2026-04-20,291777,166601,40735,161297,242872,429.01437529006745,0.16761088091247767,1820539
2026-04-21,318402,199934,59958,194065,261420,407.18556369738883,0.17896244370324307,1897589
2026-04-22,346623,204775,58326,199051,285674,413.97007929047118,0.17583657172201497,2077780
2026-04-23,344721,195072,51437,189101,280096,437.475440460001,0.1874704471152033,2095800
2026-04-24,254261,158247,41153,150432,206789,434.66825930348733,0.1867057865736389,1545577
2026-04-25,178887,114401,36233,110177,149316,407.11082898740545,0.16530547216958191,1117694
2026-04-26,237800,152910,39723,148789,203235,423.39163133056348,0.14535323801513877,1467901
2026-04-27,321218,183659,44935,177933,267445,394.34623328108637,0.16740344563505158,1943764
2026-04-28,318301,181731,45346,175601,263325,412.53672990893523,0.17271701942500967,1831920
2026-04-29,301367,173062,43531,166698,248110,411.97443494596286,0.17671808791274426,1720797
2026-04-30,202985,133026,35552,126055,161628,413.81487602153851,0.20374411902357317,1212781
2026-05-01,129492,83839,27639,81308,110146,403.39302469486148,0.14939919068359436,838351
2026-05-02,124770,81907,26995,79429,108986,424.60455886283563,0.12650476877454517,829648
2026-05-03,140515,92133,28560,89602,123029,421.90783497151909,0.12444223036686475,968019
2026-05-04,174128,108202,30520,104721,148994,413.21684917854105,0.14434209317283836,1093577
2026-05-05,240509,150452,37253,146302,203662,406.23597626393604,0.15320424599495236,1512580
2026-05-06,291746,169398,40471,163938,249281,413.99088772808875,0.14555469483728997,1786698
2026-05-07,300095,165738,39789,160167,253862,424.79627295114875,0.15406121394891617,1787186
2026-05-08,286066,158770,36193,152999,235774,408.39863060866367,0.17580558332692456,1656789
2026-05-09,190455,123759,30612,117297,155765,418.75986345127723,0.1821427633824263,1155364
2026-05-10,217845,139520,34384,135032,187861,394.44542805256026,0.1376391471000023,1323787
2026-05-11,301467,167501,38990,162254,259589,415.87830932815859,0.13891404365983673,1785205
2026-05-12,312726,175741,42573,169198,259701,406.0832518760576,0.16955737610560043,1804051
2026-05-13,299244,173034,42484,167674,251397,425.21429732902578,0.15989293018406384,1805054
2026-05-14,295284,167318,38980,161773,250176,415.56715632381707,0.15276140935506158,1754257
2026-05-15,223220,137197,32902,130340,179849,413.83873204387595,0.19429710599408656,1347235
2026-05-16,153110,97454,30535,94341,131712,410.86961010389263,0.139755731173666,963500
2026-05-17,219595,140994,35225,137403,187620,386.29119441831097,0.14560896195268563,1335853
2026-05-18,293264,167797,40939,161880,246686,404.86410224317683,0.15882617709640459,1728307
2026-05-19,295928,167241,40607,162095,250313,409.25660723710831,0.15414222378416373,1758541
2026-05-20,285627,165233,39885,159118,236815,404.54474469277415,0.17089420818059917,1672630
2026-05-21,288368,165372,40601,159903,238424,396.80392175513231,0.17319536148255008,1694023
2026-05-22,214366,134472,33398,128102,176499,401.66755375597347,0.17664648311765857,1246726
2026-05-23,142162,92179,26834,88766,120476,408.09505096693914,0.15254428046876098,874156
2026-05-24,201415,132565,31988,129299,172271,398.22064304419234,0.14469627386242334,1241493
2026-05-25,277525,159892,36668,154656,231728,407.17589082046663,0.16501936762453834,1637003
2026-05-26,302656,181294,62153,175867,259419,383.36857437890876,0.14285855889194332,1719797
2026-05-27,415505,287313,178577,282139,356472,290.87218426002818,0.14207530595299694,1982364
2026-05-28,326314,201792,79375,196172,277437,349.83600305170484,0.14978517624128906,1739335
2026-05-29,240795,170578,69597,163554,197658,360.60227424047429,0.17914408521771633,1390577
2026-05-30,146708,100793,38711,97490,124305,372.16365187846606,0.15270469231398423,877800
2026-05-31,193609,125657,29699,122707,168186,380.5826149854604,0.13131104442458769,1188206
2026-06-01,274857,156932,38236,152482,229099,379.72498207262322,0.16647929650691087,1599779
2026-06-02,274209,158886,37037,153847,232521,407.42827106969867,0.15203002089646947,1658247
2026-06-03,283575,160940,37148,155298,238370,394.54378938695231,0.15941109054042141,1707373
2026-06-04,279434,159688,37028,154520,234392,391.64643016190587,0.16119012002834301,1753744
2026-06-05,214501,131333,31802,124680,176802,391.68161206820486,0.17575209439583031,1214287
2026-06-06,135276,85542,23592,82194,113505,388.26466484303944,0.1609376386055176,817514
2026-06-07,195501,126103,28890,122672,170757,380.395845847167,0.1265671275338745,1195357
2026-06-08,274861,155357,35206,150563,227241,382.80031349507209,0.17325120697370672,1589812
2026-06-09,305939,173700,47016,168023,256641,391.48860403934117,0.16113669718473289,1765012
2026-06-10,322423,183418,53027,177279,271619,389.43571242681509,0.15756940416781681,1957916
2026-06-11,305120,172693,46061,166560,251452,408.16354568568107,0.17589145254326166,1964285
2026-06-12,218874,137009,32810,128914,174781,415.35275354999226,0.2014538044719793,1334491
2026-06-13,140752,89792,25575,86202,117468,418.12845240705639,0.16542571331135614,876303
2026-06-14,212410,134806,34273,131016,183908,386.14042478914831,0.13418388964738007,1371740
2026-06-15,299558,165627,41051,159916,252529,397.39774639328942,0.15699463876778452,1759117
2026-06-16,315409,176884,50529,170665,256712,373.00135458156876,0.18609805046780528,1774568
2026-06-17,297399,174094,50423,167423,243368,387.75384252201923,0.181678485805265,1721608
2026-06-18,207611,140285,41130,132284,153711,370.72873445280356,0.25962015500142094,1109118
2026-06-19,148156,98511,42327,95754,123185,341.22291738190148,0.16854531709819379,833407
2026-06-20,148588,101848,47172,99209,123804,330.63838330666681,0.1667967803591138,841272
2026-06-21,216591,143551,47504,140253,184533,350.9366372180931,0.14801169023643643,1297733
2026-06-22,332013,212352,91917,206704,271430,331.45289905180823,0.18247177068367804,1771446
2026-06-23,386263,251204,134819,246010,324483,291.77571653764664,0.15994283687539318,1912171
2026-06-24,361168,225585,99546,219621,302913,352.825600120952,0.1612961281176627,2020552
2026-06-25,335155,216283,91709,210036,280118,331.3220078832033,0.16421357282451404,1735846
2026-06-26,274212,194577,93127,186510,233498,306.54745595661024,0.14847636135544762,1391775
2026-06-27,199973,153009,88273,149118,169019,278.78567965799385,0.15479089677106408,1001065
2026-06-28,206916,137131,42557,133112,177888,351.10083371179121,0.14028881285159195,1226788
2026-06-29,328846,211989,100284,206305,272277,306.72668817497248,0.17202277053696868,1710568
2026-06-30,387711,265776,142955,259838,326269,266.52084940815195,0.15847370850968892,1851453
2026-07-01,289278,173943,53044,168340,240190,354.51147926454138,0.16969143868527853,1642871
2026-07-02,430042,298979,169055,292203,370322,261.14003800883404,0.1388701568683989,2041415
2026-07-03,291667,214559,103565,206288,239495,281.17321738977671,0.17887522414260099,1387536
2026-07-04,228537,179360,107112,175318,192744,251.23630294165056,0.15661796558106564,1038537
2026-07-05,282061,212882,105876,208697,248592,266.18692387330043,0.118658729849217,1423537
2026-07-06,298264,190573,67151,184829,246345,337.47899121087022,0.17407062199930262,1591380
2026-07-07,363189,247767,114010,241331,310534,295.07594539671635,0.14497961116663777,1859335
2026-07-08,418758,286308,153107,279226,353999,252.78624443627106,0.15464540378930075,1895017
2026-07-09,330566,210246,91925,203787,274173,306.89907945142272,0.17059528203142488,1678983
2026-07-10,327217,247878,142666,240136,268932,250.00561904213717,0.17812338600989558,1440284
2026-07-11,232413,175299,110901,171881,195213,237.14838873720058,0.16005989337945811,1007019
2026-07-12,288713,222994,119343,219062,247368,271.10275155571793,0.14320449719964118,1414792
2026-07-13,352084,237710,111542,231937,295702,315.28277983574941,0.16013792163233773,1846261
2026-07-14,283079,165392,48413,159982,226410,362.488609981023,0.20018793340374949,1515723
2026-07-15,342981,231169,91871,225165,292917,310.63067303241871,0.14596726932395673,1794897
2026-07-16,294751,188660,62936,182755,239956,349.10348725985318,0.18590267717497141,1606437
2026-07-17,244175,157849,55002,150241,196460,302.34933737795842,0.19541312583188286,1225988
2026-07-18,171807,121096,51737,117069,148903,300.21113570412729,0.13331237958872455,864749
2026-07-19,219683,152197,62630,148843,191803,317.58704982055048,0.12691013869985387,1170772
2026-07-20,298813,191379,69493,186391,254662,334.38084929441823,0.14775461576303575,1642186
2026-07-21,310840,191005,66676,184574,257888,335.46887369031975,0.17035130613820615,1668087
2026-07-22,323682,195124,70361,189973,267439,326.7083571124993,0.17376004844260726,1665405
2026-07-23,311262,195832,72254,190010,259165,325.8195776134703,0.16737346672578085,1692338
2026-07-24,228281,151833,50295,144318,186288,342.17928270149071,0.1839531104209286,1170659
2026-07-25,163767,115140,49499,111934,142752,335.69169859116306,0.12832255582626537,966114
2026-07-26,222724,150465,58463,147130,193545,322.45745216108276,0.13100968014223882,1310666
2026-07-27,298216,177550,63861,172791,251597,350.94674841701652,0.15632628698661372,1596476
2026-07-28,310355,184760,69003,179521,260004,345.95482071033496,0.16223679334955132,1645195
2026-07-29,283294,158550,46439,153124,233046,349.36668809004073,0.17737050555253553,1478627
2026-07-30,265227,154753,44876,149485,219772,360.11213333099573,0.1713814958507241,1464515
2026-07-31,200107,133599,42998,126190,161558,348.09075453954142,0.1926419365639383,1048390
2026-08-01,119929,76248,22645,72931,100115,370.7776664078246,0.16521441853096416,679244
2026-08-02,184439,119665,34804,117091,155696,342.62121386804853,0.15584014226925977,1080249
2026-08-03,258963,152549,44917,147726,216845,354.84794464598804,0.16264099504562426,1445390
2026-08-04,271430,151898,42180,146989,223068,344.69908292581147,0.17817485171130679,1414439
2026-08-05,266244,151160,40813,145563,220280,352.849749031073,0.17263863223208786,1403762
2026-08-06,269609,156664,45043,151663,221071,342.58185520582026,0.18003108204844795,1509496
2026-08-07,196103,124405,34135,117083,155546,363.137845066924,0.20681478610730075,1079235
2026-08-08,123749,79158,25511,75721,101861,353.39436419137934,0.17687415655884087,700017
2026-08-09,180319,118015,30672,114981,153483,333.29548638728585,0.14882513767268007,1015721
2026-08-10,247824,143841,36565,138734,209998,363.89114992689969,0.15263251339660405,1393977
2026-08-11,258804,145316,36098,140449,211803,357.92214459602246,0.18160847591227339,1467404
2026-08-12,264624,148457,36900,142844,219527,356.7050176852062,0.17041916077150976,1446979
2026-08-13,264054,150842,41048,145853,219336,347.088770784385,0.1693517235111,1410744
2026-08-14,190174,124032,35845,116235,152531,358.44152770167847,0.19793978146329153,1063278
2026-08-15,116191,74580,21818,71292,96802,355.21606242811407,0.1668717886927559,683417
2026-08-16,170164,113269,26946,110627,147206,344.85609150265037,0.134916903692908,997903
2026-08-17,250401,142632,34554,137979,206792,357.69773239023408,0.17415665272902264,1391349
2026-08-18,253213,148775,39461,143734,209201,361.52118134547987,0.17381414066418391,1393250
2026-08-19,258880,146972,39545,142322,214146,348.44290304151343,0.17279820766378245,1348739
2026-08-20,248503,145924,37323,140378,207706,380.75616469058724,0.16417105628503478,1506284
2026-08-21,191781,119066,32282,112790,153874,373.84524418664523,0.19765774503209391,1149194
2026-08-22,125938,83279,28197,80110,108241,370.75542839278057,0.14052152646540361,784225
2026-08-23,186246,120701,36099,118027,161718,367.62919675776124,0.13169678811893948,1178041
2026-08-24,256387,146329,38547,141729,212925,390.46343628499494,0.16951717520779136,1584504
2026-08-25,262789,152467,42926,147536,217696,383.06445820336086,0.17159394038563258,1650479
2026-08-26,261859,150268,42402,145021,217558,374.39866266009574,0.16917883288334562,1553555
2026-08-27,256558,149854,43247,144064,213637,379.02312802884734,0.16729550433040483,1546169
2026-08-28,198048,125497,38857,118718,161199,371.89874518654068,0.18606095492001939,1169153
2026-08-29,131605,85886,27670,82315,107199,375.60006476090575,0.18544888112153793,781156
2026-08-30,185135,124588,35097,121646,157136,378.4424407567829,0.15123558484349259,1148792
2026-08-31,263435,150783,38694,146602,215656,361.84879090595405,0.18136921821322147,1574202
