date,clicks,impressions,ctr,position
2026-05-01,15570,127802,0.12182907935713057,6.938803774588817
2026-05-02,14924,115751,0.1289319314735942,6.928657203825453
2026-05-03,14761,124774,0.11830188981678876,6.912040970073893
2026-05-04,15281,132030,0.11573884723168977,6.789971976066045
2026-05-05,17103,146876,0.11644516462866636,6.511513113102208
2026-05-06,16095,152726,0.10538480677815172,6.437201262391472
2026-05-07,15850,146437,0.10823767217301639,6.3834276856259
2026-05-08,15324,142215,0.10775234679886088,6.513996413880393
2026-05-09,14574,126656,0.11506758463870642,6.643877905507832
2026-05-10,15604,135396,0.11524712694614317,6.614176194274572
2026-05-11,16523,152593,0.1082815070153939,6.637663588762263
2026-05-12,16381,156610,0.10459740757295193,6.576642615414086
2026-05-13,15956,150226,0.10621330528670136,6.523677658993782
2026-05-14,14984,135617,0.1104876232330755,6.554827197180295
2026-05-15,14107,116155,0.12144978692264646,6.424484524988163
2026-05-16,14493,110330,0.13136046406235838,6.470352578627753
2026-05-17,14913,117740,0.1266604382537795,6.129972821471038
2026-05-18,15347,124891,0.12288315411038425,6.448847394928378
2026-05-19,16194,116532,0.13896612089383173,6.376257165413792
2026-05-20,14404,116134,0.12402913875350888,6.355098420789777
2026-05-21,13285,128263,0.10357624568269883,6.705534721626658
2026-05-22,13132,115871,0.11333293058660061,7.296631598933296
2026-05-23,13633,98761,0.13804031955934024,7.367807130344974
2026-05-24,14450,111550,0.12953832362169432,7.007368892873151
2026-05-25,14506,128448,0.11293285999003488,6.647795216741405
2026-05-26,12780,118505,0.1078435509050251,6.370262858107253
2026-05-27,10712,131170,0.08166501486620416,7.198932682778074
2026-05-28,12210,122204,0.0999148964027364,7.228192203201204
2026-05-29,12393,113904,0.10880214917825537,7.344360162944234
2026-05-30,11713,106793,0.109679473373723,7.127321079096944
2026-05-31,12157,120129,0.10119954382372283,6.992225024765045
2026-06-01,13445,135408,0.09929250856670212,6.893861514829257
2026-06-02,12364,127020,0.09733900173201071,6.749937017792473
2026-06-03,12351,120025,0.1029035617579671,6.838908560716518
2026-06-04,11824,128240,0.09220212102308172,6.803485651902682
2026-06-05,10352,107536,0.09626543669096861,6.785355601844963
2026-06-06,8902,91212,0.09759680743761785,7.003267113976231
2026-06-07,9618,101062,0.09516930201262591,6.921374997526271
2026-06-08,10656,115251,0.09245906760028112,6.622901319728245
2026-06-09,11506,118572,0.09703808656343825,6.311220186890665
2026-06-10,11848,126984,0.0933030933030933,7.210876960876961
2026-06-11,12400,115372,0.10747841764032867,6.355224837915612
2026-06-12,11331,98258,0.11531885444442183,6.8002605385821004
2026-06-13,9842,87931,0.111928671344577,7.125871421910362
2026-06-14,9783,95314,0.10263969616215876,6.913391526953019
2026-06-15,11145,112174,0.09935457414374098,6.804883484586446
2026-06-16,12312,113405,0.1085666416824655,6.492315153652837
2026-06-17,11344,118715,0.09555658509876595,10.119007707534852
2026-06-18,8811,93066,0.09467474695377474,7.062224657769755
2026-06-19,6985,90545,0.07714396156607212,7.960196587332265
2026-06-20,10200,82219,0.12405891582237683,7.714980722217493
2026-06-21,10506,86118,0.12199540165818992,8.259957267934695
2026-06-22,10756,99623,0.10796703572468205,7.831876173172862
2026-06-23,11529,115095,0.10016942525739607,10.282610017811374
2026-06-24,13299,96178,0.1382748653538231,7.292832040591404
2026-06-25,16519,100143,0.16495411561467102,6.837262714318524
2026-06-26,16495,99188,0.1663003589143848,7.341714723555269
2026-06-27,12961,99144,0.13072904058742837,9.904068829177762
2026-06-28,13928,100182,0.13902697091293845,8.022748597552454
2026-06-29,15112,116752,0.12943675483075237,8.1428754967795
2026-06-30,14224,120502,0.11803953461353339,7.180378748900433
2026-07-01,14255,130251,0.10944253786919102,7.996199645300228
2026-07-02,13754,121349,0.11334250797287164,8.458693520342154
2026-07-03,12280,100155,0.12260995457041586,7.49832759223204
2026-07-04,10794,88623,0.12179682475203954,7.925527233336719
2026-07-05,11962,97920,0.1221609477124183,7.449315767973856
2026-07-06,15024,110975,0.1353818427573778,7.179166478936698
2026-07-07,15847,116584,0.13592774308652988,7.190163315720854
2026-07-08,15085,107793,0.13994415221767648,6.8583674264562635
2026-07-09,15626,105743,0.14777337506974456,7.4658842665708365
2026-07-10,12864,96974,0.1326541134737146,8.690710912203272
2026-07-11,10457,85129,0.12283710603907012,9.307909173137238
2026-07-12,12709,89094,0.14264709183558938,8.148753002446853
2026-07-13,16140,95274,0.1694061338875244,7.3024854629804565
2026-07-14,9838,90756,0.10840054652034026,7.169972233240777
2026-07-15,9761,85301,0.11443007702137138,6.910270688503066
2026-07-16,8866,76643,0.11567918792322847,6.225043382957348
2026-07-17,7842,71912,0.1090499499388141,6.3139392590944485
2026-07-18,7047,68117,0.10345435060263958,6.815141594609275
2026-07-19,7277,65979,0.11029266887949196,6.665408690643993
2026-07-20,7929,78190,0.10140682951784116,6.156797544443023
2026-07-21,8913,81017,0.110013947689991,5.87767999308787
2026-07-22,9016,82528,0.10924777045366421,6.387747188832881
2026-07-23,8675,80032,0.10839414234306277,6.359881047580967
2026-07-24,7787,74578,0.10441417039877712,7.52861433666765
2026-07-25,7569,68794,0.11002413001133819,7.84760298863273
2026-07-26,7939,76476,0.10381034572937915,7.568596683926984
2026-07-27,9724,91655,0.10609350280944847,7.611106868146855
2026-07-28,12454,89616,0.13897071951437243,7.617200053561864
2026-07-29,13528,88228,0.15333000861404542,7.662567438908283
2026-07-30,10472,86271,0.12138493815998423,8.186180755989845
2026-07-31,9202,75571,0.12176628600918342,8.195895250823728
2026-08-01,6933,69113,0.10031397855685616,8.904359527151186
2026-08-02,7292,76568,0.09523560756451781,8.68714084212726
2026-08-03,7997,87060,0.09185619113255226,7.829852974959798
2026-08-04,7934,85636,0.09264795179597365,7.206139941146247
2026-08-05,8433,87510,0.09636612958519027,7.722705976459833
2026-08-06,8265,86308,0.09576169068915975,7.876164434351392
2026-08-07,8097,75682,0.10698713036124838,7.259070849079041
2026-08-08,8088,72453,0.11163098836487102,7.159123845803486
2026-08-09,9756,85404,0.11423352536180975,8.043440588262845
2026-08-10,10140,97919,0.1035549791153913,7.772934772618185
2026-08-11,10209,92430,0.11045115222330412,7.734858812074002
2026-08-12,10024,92738,0.10808945631779852,8.710679548836506
2026-08-13,9965,86105,0.11573079379826956,8.543708263167064
2026-08-14,9225,75537,0.12212558084117717,8.129327349510834
2026-08-15,8262,67897,0.12168431594915828,8.602913236225458
2026-08-16,10705,76172,0.14053720527227853,9.0009321010345
2026-08-17,14104,87409,0.16135638206591998,8.20107769222849
2026-08-18,19747,88179,0.22394220846233232,7.819923110944782
2026-08-19,19785,83726,0.23630652366051166,8.014786326827988
2026-08-20,14133,79882,0.17692346210660725,8.17636013119351
2026-08-21,10804,69444,0.1555785957030125,8.750403202580497
2026-08-22,9862,61782,0.15962578097180408,9.372729921336312
2026-08-23,11919,67758,0.17590542814132648,8.471412969686236
2026-08-24,14467,78679,0.18387371471421854,7.919851548697873
2026-08-25,14198,80943,0.17540738544407794,8.984248174641415
2026-08-26,14192,80436,0.1764384106618927,8.510679297826844
2026-08-27,13776,78234,0.17608712324564768,8.53342536493085
2026-08-28,11332,68902,0.16446547270035702,8.812211546834636
2026-08-29,9825,63714,0.1542047273754591,10.775135762940641
2026-08-30,11809,70447,0.16762956548894914,10.112268797819638
2026-08-31,13690,82213,0.16651867709486334,8.076605889579508
