date,device,clicks,impressions,ctr,position
2026-01-04,MOBILE,170993,253392,0.6748160952200543,1.9786457346719706
2026-01-03,MOBILE,161721,238711,0.677476111281005,2.048870810310375
2026-01-02,MOBILE,143767,214013,0.6717676029026274,2.3031498086564834
2026-01-05,MOBILE,103527,172550,0.5999826137351493,2.5776354679802953
2026-01-11,MOBILE,98536,169680,0.5807166430928807,3.2800742574257424
2026-01-12,MOBILE,89475,155900,0.5739255933290571,2.960089801154586
2026-01-08,MOBILE,88154,160680,0.5486308190191685,3.909939009210854
2026-01-06,MOBILE,86218,152443,0.5655753297953989,2.8329605163897327
2026-01-01,MOBILE,84281,149499,0.5637562793062161,3.450384283506913
2026-01-09,MOBILE,78286,146966,0.5326810282650409,3.6806472245281223
2026-01-10,MOBILE,77814,139167,0.5591411757097587,3.5557064533977165
2026-01-13,MOBILE,77413,139198,0.5561358640210348,3.355780973864567
2026-01-07,MOBILE,76994,147703,0.521275803470478,4.06865127993338
2026-01-14,MOBILE,74418,144762,0.5140713723214656,3.8349290559677263
2026-01-15,MOBILE,70348,129262,0.5442280020423635,3.1612925685816404
2026-01-16,MOBILE,60166,122080,0.4928407601572739,3.8585435779816515
2026-01-17,MOBILE,52328,111319,0.47007249436304677,3.9453193075755264
2026-01-18,MOBILE,45523,105599,0.43109309747251395,4.0742336575156965
2026-01-19,MOBILE,41774,90871,0.4597066170725534,4.37261612615686
2026-01-20,MOBILE,38999,87150,0.44749282845668387,4.339116465863453
2026-01-21,MOBILE,38839,91436,0.4247670501771731,4.876580340347347
2026-01-24,MOBILE,38608,80554,0.47928097921890905,4.412841075551803
2026-01-31,MOBILE,36714,97828,0.37529132763625955,5.030942061577463
2026-01-30,MOBILE,36189,94164,0.3843188479673761,5.163979864916529
2026-01-25,MOBILE,36174,82354,0.4392500667848556,4.458119824173689
2026-01-22,MOBILE,35735,88962,0.401688361322812,4.98673590971426
2026-01-29,MOBILE,35248,87069,0.40482835452342397,4.979855057483146
2026-01-23,MOBILE,34624,79677,0.43455451384966803,4.5089674561040205
2026-02-01,MOBILE,34611,103629,0.33398952030802187,5.146049850910459
2026-01-26,MOBILE,34514,85920,0.4016992551210428,4.6834497206703904
2026-01-28,MOBILE,34032,92888,0.3663767117388683,4.559921626044268
2026-01-27,MOBILE,32974,84063,0.3922534289758871,4.833945969094607
2026-02-02,MOBILE,28827,84940,0.3393807393454203,5.18810925359077
2026-02-05,MOBILE,27747,81499,0.3404581651308605,5.84564227781936
2026-02-04,MOBILE,26994,91768,0.2941548252114027,5.085770639002702
2026-02-07,MOBILE,26410,73224,0.3606740959248334,4.6498825521686875
2026-02-03,MOBILE,26388,82142,0.32124856955029096,4.826909498186068
2026-02-06,MOBILE,26127,66481,0.39299950361757496,5.074412238083061
2026-02-08,MOBILE,25963,73655,0.35249473898581224,4.8129658543208205
2026-02-14,MOBILE,23661,53009,0.4463581655945217,4.320700258446679
2026-02-21,MOBILE,23492,69776,0.336677367576244,4.635548039440495
2026-02-09,MOBILE,23132,69706,0.3318509167073136,4.9658279057756864
2026-02-13,MOBILE,22830,49812,0.45832329559142376,4.215711073636875
2026-02-15,MOBILE,22731,53075,0.42828073480923223,4.3655204898728215
2026-02-22,MOBILE,22554,69061,0.32658084881481586,4.675055385818334
2026-02-18,MOBILE,22499,54479,0.412984819838837,4.751390444024302
2026-02-11,MOBILE,22205,52363,0.42405897293890726,5.0008211905353015
2026-02-10,MOBILE,22132,66011,0.33527745375770707,5.152474587568738
2026-02-17,MOBILE,22110,53513,0.41317063143535215,4.798497561340235
2026-02-24,MOBILE,21995,74488,0.29528246160455374,4.690715282998603
2026-02-12,MOBILE,21779,49423,0.4406652773000425,4.583331647208789
2026-02-16,MOBILE,21434,52752,0.4063163481953291,4.759762663026994
2026-02-23,MOBILE,21273,77035,0.27614720581553837,4.619705328746674
2026-02-19,MOBILE,19807,58311,0.33967861981444325,4.471660578621529
2026-02-20,MOBILE,19745,63655,0.31018773073599876,4.881674652423219
2026-02-25,MOBILE,19590,72437,0.27044190123831746,5.213951433659594
2026-02-26,MOBILE,19358,79510,0.2434662306628097,5.226625581687838
2026-02-27,MOBILE,19020,82585,0.2303081673427378,5.537034570442574
2026-03-09,MOBILE,18871,70741,0.26676184956390214,5.166028187331251
2026-02-28,MOBILE,18481,94627,0.19530366597271392,5.5653566106925085
2026-03-01,MOBILE,18388,100971,0.18211169543730377,5.6689940676035695
2026-04-03,MOBILE,18353,53941,0.3402421163864222,5.10146270925641
2026-03-08,MOBILE,17628,68829,0.25611297563527,5.38650859376135
2026-03-07,MOBILE,17372,65910,0.263571536944318,5.336458807464725
2026-03-03,MOBILE,17361,79180,0.2192599141197272,5.096324829502399
2026-03-02,MOBILE,17070,83574,0.20425012563715989,5.530296503697322
2026-03-10,MOBILE,16950,62931,0.26934261333841825,5.465478063275651
2026-03-05,MOBILE,16643,69918,0.2380359850110129,5.335435796218428
2026-04-02,MOBILE,16497,51434,0.3207411439903566,5.096123186996928
2026-03-04,MOBILE,16472,73910,0.22286564740901096,5.6135029089433095
2026-03-06,MOBILE,16428,64113,0.2562350849281737,5.5242150577885925
2026-04-04,MOBILE,16323,49855,0.32740948751379,4.849242804131983
2026-03-14,MOBILE,16013,57539,0.2782981977441388,5.3203044891291125
2026-03-11,MOBILE,15833,57839,0.27374263040509,5.6651567281592
2026-03-13,MOBILE,15725,49323,0.31881677919023577,5.104332664274273
2026-03-12,MOBILE,15675,61016,0.25689982955290414,5.438524321489445
2026-04-05,MOBILE,15574,50065,0.3110756017177669,4.7965644661939475
2026-03-15,MOBILE,15540,54435,0.28547809313860567,5.4236979884265635
2026-04-01,MOBILE,15407,49655,0.3102809384754808,5.043782096465613
2026-03-21,MOBILE,15353,39690,0.3868228772990678,4.894406651549509
2026-03-20,MOBILE,15265,38929,0.392124123404146,5.092553109507051
2026-03-17,MOBILE,15158,49391,0.3068980178575044,5.296531756797797
2026-03-22,MOBILE,14977,39571,0.3784842435116626,5.038841575901544
2026-03-16,MOBILE,14970,58225,0.2571060541004723,5.401270931730356
2026-03-19,MOBILE,14541,39388,0.36917335229003756,5.429826343048644
2026-08-18,DESKTOP,14212,60009,0.23683114199536737,8.39477411721575
2026-03-29,MOBILE,14195,43449,0.32670487237911117,5.540633846578747
2026-08-19,DESKTOP,14144,56468,0.2504781469150669,8.576556633845719
2026-03-18,MOBILE,14109,38399,0.36743144352717516,5.37024401677127
2026-04-06,MOBILE,13855,47407,0.29225641782859074,5.161621701436497
2026-03-31,MOBILE,13845,47192,0.2933759959315138,5.078593829462621
2026-01-15,DESKTOP,13843,136006,0.10178227431142743,6.752797670690999
2026-04-11,MOBILE,13831,47089,0.29372040179235065,4.872433052305209
2026-03-09,DESKTOP,13642,103459,0.13185899728394823,6.245575542002146
2026-04-12,MOBILE,13599,47613,0.28561527313968876,4.815848612773822
2026-03-30,MOBILE,13548,45311,0.2990002427666571,5.533446624439981
2026-03-10,DESKTOP,13537,103122,0.1312716976008999,5.950165823005761
2026-03-24,MOBILE,13491,38266,0.35255840694088747,4.995818742486803
2026-03-23,MOBILE,13489,36546,0.3690964811470476,4.818201718382312
2026-04-09,MOBILE,13456,47023,0.28615783765391406,5.09531505858835
2026-04-10,MOBILE,13432,46190,0.2907988742151981,4.916583676120372
2026-03-25,MOBILE,13220,37156,0.35579717945957584,5.223813112283346
2026-03-28,MOBILE,13100,39108,0.3349698271453411,5.592282908867751
2026-04-07,MOBILE,13058,46239,0.28240230108782627,5.196284521724086
2026-04-08,MOBILE,12937,44936,0.28789834431191025,5.0230327576998395
2026-03-12,DESKTOP,12883,102661,0.1254906926681018,5.983119198137559
2026-04-13,MOBILE,12878,47088,0.27348793747876315,5.051563030920829
2026-03-27,MOBILE,12757,35670,0.3576394729464536,5.068909447715167
2026-03-26,MOBILE,12689,36504,0.34760574183651105,7.401682007451238
2026-03-11,DESKTOP,12669,96418,0.13139662718579517,6.170829098301147
2026-03-17,DESKTOP,12627,108127,0.11677934280984398,5.685952629777947
2026-03-16,DESKTOP,12614,98956,0.1274707951008529,5.972553458102591
2026-04-23,MOBILE,12597,42154,0.29883285097499646,5.577382929259382
2026-03-05,DESKTOP,12576,101779,0.12356183495613043,6.07312903447666
2026-02-26,DESKTOP,12378,98572,0.12557318508298504,6.76069269163657
2026-03-02,DESKTOP,12342,119321,0.1034352712431173,6.571466883448848
2026-03-26,DESKTOP,12313,103596,0.1188559403837986,5.822734468512298
2026-02-04,DESKTOP,12129,190623,0.06362820855825373,5.718968854755198
2026-02-24,DESKTOP,12121,87222,0.13896723303753641,6.454254660521428
2026-04-14,MOBILE,12104,44199,0.2738523496006697,4.9871942804135845
2026-02-09,DESKTOP,12082,135566,0.08912264137025508,8.157982089904548
2026-03-18,DESKTOP,12070,107586,0.11218931831279162,5.896306210845277
2026-01-27,DESKTOP,11940,144050,0.08288788615064213,7.496535925026032
2026-02-23,DESKTOP,11871,83571,0.14204688229170406,6.755537207883117
2026-03-03,DESKTOP,11858,140957,0.08412494590548891,6.128209312059706
2026-01-26,DESKTOP,11830,148374,0.07973095016647122,8.09407982530632
2026-03-04,DESKTOP,11797,107372,0.10987035726260105,6.5133461237566594
2026-04-19,MOBILE,11631,42231,0.27541379555302975,5.1408207241126185
2026-04-17,MOBILE,11567,41261,0.2803373645815661,5.221904461840479
2026-04-18,MOBILE,11540,41445,0.27844130775726866,5.1980456026058635
2026-03-24,DESKTOP,11528,113776,0.1013218956546196,5.866448108564196
2026-02-25,DESKTOP,11526,87499,0.13172721973965418,6.5490577035166115
2026-02-10,DESKTOP,11444,131734,0.08687202999984818,6.55632562588246
2026-04-15,MOBILE,11378,42899,0.265227627683629,5.172544814564442
2026-04-25,MOBILE,11262,40324,0.2792877690705287,5.5181033627616305
2026-02-05,DESKTOP,11228,157958,0.0710821864039808,7.965965636435001
2026-04-26,MOBILE,11168,39907,0.2798506527676849,5.669707068935274
2026-03-25,DESKTOP,11128,112451,0.09895865754862118,5.892113009221794
2026-02-11,DESKTOP,11083,103421,0.10716392222082556,7.403119289119231
2026-01-19,DESKTOP,11078,142063,0.0779794879736455,8.272871894863545
2026-04-16,MOBILE,11067,40878,0.27073242330838104,5.210724595136749
2026-04-22,MOBILE,11033,38736,0.28482548533663776,5.807672449401074
2026-04-24,MOBILE,11031,39885,0.2765701391500564,5.663081358906857
2026-02-27,DESKTOP,11011,89939,0.12242742303116556,7.217869889591834
2026-04-20,MOBILE,11008,39258,0.28040144683886087,5.5342860054001735
2026-03-19,DESKTOP,11002,108531,0.1013719582423455,6.192396642433959
2026-05-01,MOBILE,10912,40022,0.2726500424766378,5.819524261656089
2026-01-20,DESKTOP,10875,139922,0.07772187361529995,6.8252454939180405
2026-04-21,MOBILE,10827,36994,0.29266908147267123,5.826323187543926
2026-03-23,DESKTOP,10810,105346,0.10261424259108082,5.831251305222789
2026-04-13,DESKTOP,10762,115340,0.0933067452748396,6.328203572047858
2026-01-14,DESKTOP,10716,157748,0.06793113066409717,6.687051499860537
2026-01-21,DESKTOP,10623,152521,0.0696494253250372,7.257013788265223
2026-05-10,MOBILE,10608,43055,0.24638253396818025,5.957426547439322
2026-03-13,DESKTOP,10605,92553,0.1145829956889566,6.024569706006289
2026-05-02,MOBILE,10590,38073,0.2781498699866047,5.657447534998555
2026-02-12,DESKTOP,10563,84554,0.12492608274002413,7.654232797975259
2026-03-27,DESKTOP,10421,94659,0.11008990164696436,6.149695221796131
2026-03-01,DESKTOP,10377,77754,0.13345937186511306,7.036911284306917
2026-05-05,MOBILE,10373,40029,0.25913712558395163,6.038322216393115
2026-05-03,MOBILE,10341,39845,0.25953068139038776,5.808608357384866
2026-04-27,MOBILE,10337,39445,0.2620610977310179,5.790188870579287
2026-03-06,DESKTOP,10333,83264,0.12409925057647964,6.562692159877018
2026-04-29,MOBILE,10269,37594,0.2731552907378837,5.891365643453742
2026-03-30,DESKTOP,10221,131277,0.07785826915605933,6.085506219672905
2026-04-28,MOBILE,10170,38890,0.261506814091026,6.001774235021856
2026-05-16,MOBILE,10131,36868,0.27479114679396766,5.890175762178583
2026-01-28,DESKTOP,10098,163796,0.061649857139368484,7.19811228601431
2026-03-31,DESKTOP,10069,126627,0.07951700664155353,5.801764236695176
2026-07-13,DESKTOP,10052,69777,0.1440589305931754,7.65277956919902
2026-04-09,DESKTOP,10040,121953,0.08232679802874877,6.1091158069092195
2026-01-29,DESKTOP,10005,150756,0.0663655177903367,7.2608586059592986
2026-04-08,DESKTOP,9950,119893,0.08299066667778769,5.794450051295739
2026-04-01,DESKTOP,9929,117793,0.08429193585357364,5.8548979990322
2026-04-30,MOBILE,9900,36232,0.27323912563479796,6.105569662177081
2026-04-07,DESKTOP,9866,120189,0.08208737904467131,5.828170631255772
2026-05-17,MOBILE,9847,36602,0.269029014807934,5.895415551062784
2026-05-09,MOBILE,9797,38279,0.2559366754617414,5.954805506935918
2026-01-22,DESKTOP,9766,159334,0.06129263057476747,7.288049003979062
2026-05-04,MOBILE,9759,39577,0.24658261111251484,5.974555928948631
2026-02-03,DESKTOP,9679,165471,0.058493633325476975,6.074073402590182
2026-02-18,DESKTOP,9673,87562,0.11047029533359219,7.085653594024805
2026-01-16,DESKTOP,9663,135170,0.071487756158911,6.96568025449434
2026-05-12,MOBILE,9589,43396,0.22096506590469167,6.270670107844041
2026-05-11,MOBILE,9566,43082,0.2220416879439209,6.283598718722437
2026-03-08,DESKTOP,9548,81072,0.11777185711466351,6.528357509374383
2026-05-06,MOBILE,9538,38123,0.25019017391076254,5.976234818875744
2026-01-30,DESKTOP,9527,156662,0.06081244973254522,7.579649181039435
2026-02-02,DESKTOP,9451,161989,0.058343467766329815,7.023125027008007
2026-05-08,MOBILE,9449,38192,0.24740783410138248,6.107692710515291
2026-02-17,DESKTOP,9348,74404,0.12563840653728295,7.701360141927854
2026-04-02,DESKTOP,9337,114188,0.0817686622061863,6.013582863348162
2026-05-07,MOBILE,9321,37875,0.2460990099009901,6.0791551155115515
2026-05-24,MOBILE,9299,37011,0.25124962848882765,6.396044419226716
2026-05-13,MOBILE,9268,43072,0.21517459138187223,6.399424219910847
2026-03-15,DESKTOP,9264,79693,0.11624609438721092,6.310893052087385
2026-07-09,DESKTOP,9257,75382,0.12280119922527924,7.649889894139185
2026-02-08,DESKTOP,9238,115858,0.07973553833140569,6.604317354002313
2026-05-19,MOBILE,9178,34796,0.26376595010920795,5.89771812852052
2026-04-06,DESKTOP,9177,108025,0.08495255727840778,6.116667438093034
2026-02-06,DESKTOP,9149,104521,0.08753264894136106,7.033830522096038
2026-05-15,MOBILE,9111,34682,0.2627011129692636,5.879764719451012
2026-01-13,DESKTOP,9043,144950,0.0623870300103484,7.013556398758192
2026-07-07,DESKTOP,9010,85944,0.10483570697198176,7.382086009494555
2026-02-19,DESKTOP,8963,88376,0.10141893726803657,6.489182583506834
2026-02-28,DESKTOP,8952,67644,0.13233989710839097,7.333200283838921
2026-07-06,DESKTOP,8945,80103,0.11166872651461243,7.230028837871241
2026-04-10,DESKTOP,8913,104602,0.0852086958184356,6.2723752891914115
2026-06-25,DESKTOP,8901,71741,0.1240713120809579,7.167226551065639
2026-05-23,MOBILE,8852,34498,0.25659458519334455,6.2351150791350225
2026-05-14,MOBILE,8846,37647,0.23497224214412835,6.430153797115308
2026-02-13,DESKTOP,8830,64911,0.13603241361248478,6.913512347676049
2026-02-16,DESKTOP,8816,69451,0.12693841701343392,7.771983124793019
2026-05-20,MOBILE,8795,33799,0.2602147992544158,6.101216012308057
2026-05-18,MOBILE,8778,35040,0.250513698630137,6.250513698630137
2026-08-24,DESKTOP,8757,52098,0.16808706668202233,8.3914161772045
2026-01-25,DESKTOP,8756,114834,0.07624919448943693,7.779455561941585
2026-07-08,DESKTOP,8751,77549,0.11284478200879444,6.8582186746444185
2026-08-17,DESKTOP,8715,60145,0.14489982542189708,8.943386815196607
2026-08-25,DESKTOP,8698,54260,0.1603022484334685,9.808569848875782
2026-01-07,DESKTOP,8554,134039,0.06381724721909295,6.89496340617283
2026-05-22,MOBILE,8480,34791,0.24374119743611852,6.169382886378661
2026-08-26,DESKTOP,8477,54204,0.15639067227510886,9.366209135857133
2026-08-20,DESKTOP,8457,53339,0.15855190386021487,8.971446783779223
2026-04-14,DESKTOP,8438,116470,0.07244784064565983,6.202197990898944
2026-08-31,DESKTOP,8430,56506,0.14918769688174707,8.654160620111139
2026-01-08,DESKTOP,8424,140899,0.05978750736343054,7.497263997615313
2026-03-07,DESKTOP,8420,70947,0.11868014151408798,7.249045061806701
2026-06-29,DESKTOP,8416,85300,0.09866354044548652,8.599847596717467
2026-06-26,DESKTOP,8401,67047,0.12530016257252374,7.990499202052292
2026-01-31,DESKTOP,8387,153934,0.05448438941364481,7.3664427611833645
2026-01-18,DESKTOP,8352,141255,0.05912711054475948,6.712095147074439
2026-05-21,MOBILE,8337,38313,0.21760238039307805,6.221569702189857
2026-01-23,DESKTOP,8169,116588,0.07006724534257384,7.863219199231482
2026-08-27,DESKTOP,8138,52542,0.15488561531727,9.264093487115069
2026-03-20,DESKTOP,8089,92364,0.08757741111255468,6.591464206833831
2026-03-22,DESKTOP,8086,89611,0.0902344578232583,6.325328363705348
2026-02-01,DESKTOP,8083,179800,0.044955506117908786,7.114098998887653
2026-02-22,DESKTOP,8078,70634,0.11436418721861993,8.606704986267236
2026-02-07,DESKTOP,8020,103403,0.07756061236134348,6.520333065771786
2026-01-06,DESKTOP,8014,141383,0.056682910958177436,6.386439670964685
2026-02-20,DESKTOP,7985,82826,0.09640692536160143,7.061731823340497
2026-01-05,DESKTOP,7958,134881,0.059000155692795875,7.447060742432218
2026-04-12,DESKTOP,7952,96252,0.08261646511241325,6.662438183102688
2026-06-26,MOBILE,7901,31221,0.25306684603311874,5.994330738925723
2026-05-25,MOBILE,7888,36008,0.21906243057098423,6.763024883359254
2026-06-12,MOBILE,7868,29308,0.2684591237887266,6.300327555616214
2026-03-14,DESKTOP,7810,73287,0.10656733117742574,6.521306643743093
2026-02-15,DESKTOP,7704,62630,0.12300814306243014,7.465847038160626
2026-03-29,DESKTOP,7646,105799,0.07226911407480222,6.287063204756189
2026-07-01,DESKTOP,7633,96768,0.07887938161375661,8.4171626984127
2026-07-29,DESKTOP,7587,62074,0.12222508618745369,8.03455553049586
2026-06-20,MOBILE,7554,25995,0.2905943450663589,5.609924985574149
2026-06-16,MOBILE,7542,25630,0.2942645337495123,6.079555208739758
2026-05-30,MOBILE,7525,34843,0.21596877421576788,6.825933473007491
2026-01-24,DESKTOP,7491,94116,0.07959326788218794,8.910759063283606
2026-06-03,MOBILE,7474,29551,0.25291868295489156,7.013603600554973
2026-06-25,MOBILE,7450,27609,0.26983954507588104,6.012640805534427
2026-04-11,DESKTOP,7422,92330,0.08038557348640746,6.857998483699773
2026-06-10,MOBILE,7421,29157,0.25451864046369654,6.418184312515005
2026-06-01,MOBILE,7417,35895,0.20663044992338767,7.062849979105725
2026-06-02,MOBILE,7416,32336,0.2293419099455715,6.6934685799109355
2026-01-17,DESKTOP,7414,120833,0.0613574106411328,7.499457929539116
2026-06-30,DESKTOP,7366,87789,0.08390572850812744,7.42861861964483
2026-02-21,DESKTOP,7363,71170,0.1034565125755234,7.715231136714908
2026-06-11,MOBILE,7345,29199,0.25154971060652764,6.464639199972602
2026-04-03,DESKTOP,7344,98612,0.07447369488500385,6.490234454224638
2026-05-31,MOBILE,7327,35605,0.20578570425502035,6.997668866732201
2026-05-29,MOBILE,7326,35547,0.2060933412102287,6.933383970517906
2026-03-28,DESKTOP,7251,95323,0.07606768565823568,6.544968160884571
2026-07-02,DESKTOP,7246,90240,0.08029698581560284,9.081937056737589
2026-06-07,MOBILE,7231,27446,0.2634627996793704,6.802849231217664
2026-06-04,MOBILE,7163,30130,0.23773647527381347,6.580418187852638
2026-01-12,DESKTOP,7085,154728,0.04579003153921721,7.195026110335556
2026-06-13,MOBILE,7083,26912,0.26319114149821643,6.232275564803805
2026-06-28,DESKTOP,7083,68747,0.10302995039783554,8.533812384540417
2026-06-09,MOBILE,7074,29191,0.24233496625672296,6.507622212325717
2026-06-21,MOBILE,7009,24212,0.28948455311415827,6.385965636874277
2026-06-05,MOBILE,6976,28041,0.2487785742305909,6.443029849149459
2026-06-06,MOBILE,6947,26565,0.2615095049877659,6.689026915113872
2026-05-26,MOBILE,6932,35854,0.1933396552685893,6.520471913872929
2026-06-08,MOBILE,6918,27639,0.2502984912623467,6.627157277759688
2026-05-28,MOBILE,6875,35758,0.19226466804631132,6.6214273728955755
2026-04-05,DESKTOP,6819,90425,0.07541056123859552,6.496300801769422
2026-04-23,DESKTOP,6805,108176,0.06290674456441354,5.636370359414288
2026-04-22,DESKTOP,6784,113440,0.059802538787023976,5.790444287729196
2026-06-17,MOBILE,6781,22941,0.29558432500762827,6.207663135870276
2026-02-14,DESKTOP,6705,55758,0.12025180243193802,7.55583055346318
2026-06-14,MOBILE,6697,25913,0.25844170879481343,6.635202408057731
2026-05-19,DESKTOP,6688,80693,0.08288203437720744,6.598403826849912
2026-05-11,DESKTOP,6676,108223,0.06168744167136376,6.788815686129566
2026-07-12,DESKTOP,6659,62279,0.10692207646237094,8.829188008799115
2026-06-28,MOBILE,6648,30483,0.21808877079027655,6.906603680740084
2026-01-09,DESKTOP,6637,138692,0.047854238168026995,6.841310241398206
2026-06-24,MOBILE,6629,23589,0.28102081478655305,6.434354995972699
2026-07-07,MOBILE,6621,29669,0.2231622231959284,6.677609626209175
2026-06-30,MOBILE,6620,31678,0.20897783951007007,6.528379316876065
2026-06-27,MOBILE,6607,30198,0.2187893237962779,6.367640241075568
2026-06-15,MOBILE,6589,25417,0.25923594444663023,6.774166896171853
2026-07-10,DESKTOP,6588,67883,0.09704933488502276,9.40482889677828
2026-04-04,DESKTOP,6525,86180,0.07571362265026689,6.480494314226038
2026-07-27,MOBILE,6496,26175,0.24817574021012417,6.646341929321872
2026-05-12,DESKTOP,6490,111891,0.05800287780071677,6.701620326925311
2026-06-29,MOBILE,6477,30514,0.21226322343842172,6.9365209412073146
2026-06-24,DESKTOP,6475,71949,0.08999430151913161,7.586874035775341
2026-04-29,DESKTOP,6460,106133,0.06086702533613485,6.498355836544713
2026-07-28,MOBILE,6457,26528,0.24340319662243667,6.354380277442702
2026-05-05,DESKTOP,6417,105594,0.06077049832376839,6.704244559349963
2026-05-13,DESKTOP,6406,105840,0.06052532123960695,6.584986772486772
2026-07-01,MOBILE,6405,32531,0.19688912114598384,6.790999354461898
2026-05-25,DESKTOP,6373,91350,0.06976464148877942,6.597744937055282
2026-08-23,DESKTOP,6341,42758,0.14829973338322652,9.404041348987324
2026-05-18,DESKTOP,6317,88866,0.07108455427272523,6.533196047982355
2026-03-21,DESKTOP,6315,78631,0.08031183629866083,6.641896961758086
2026-06-23,MOBILE,6309,23519,0.26825120115651174,6.264764658361325
2026-07-02,MOBILE,6304,30223,0.20858286735267842,6.657280878800913
2026-04-20,DESKTOP,6297,116065,0.0542540817645285,6.013397665101452
2026-05-06,DESKTOP,6291,113387,0.05548255090971628,6.59503294028416
2026-08-30,DESKTOP,6234,45603,0.13670153279389513,11.776615573536828
2026-05-07,DESKTOP,6231,107398,0.05801784018324364,6.499925510717145
2026-04-15,DESKTOP,6217,115560,0.05379889235029422,6.162980269989616
2026-06-22,MOBILE,6205,23943,0.2591571649333835,6.657311113895502
2026-06-27,DESKTOP,6186,68107,0.09082766822793545,11.522310482035621
2026-07-03,MOBILE,6171,30061,0.20528259206280564,7.154452613020192
2026-07-08,MOBILE,6150,29221,0.21046507648608878,6.875534718182129
2026-07-09,MOBILE,6147,29404,0.20905319004217113,7.0360155080941365
2026-04-21,DESKTOP,6122,101258,0.06045942049023287,5.943836536372435
2026-07-10,MOBILE,6104,28144,0.2168845935190449,7.042957646389994
2026-01-04,DESKTOP,6086,104104,0.05846076999923154,6.654326442787982
2026-08-09,MOBILE,6036,27659,0.21822914783614736,6.132651216602191
2026-04-16,DESKTOP,5994,119164,0.050300426303245944,6.178401194991776
2026-07-05,MOBILE,5983,29700,0.20144781144781146,6.947912457912458
2026-07-21,MOBILE,5962,21322,0.279617296688866,5.759872432229622
2026-07-22,MOBILE,5933,21525,0.2756329849012776,5.782996515679443
2026-07-13,MOBILE,5927,24815,0.2388474712875277,6.362361474914366
2026-08-28,DESKTOP,5926,44221,0.13400872888446666,9.961149680016282
2026-07-03,DESKTOP,5920,69218,0.08552688607009737,7.654945245456384
2026-05-14,DESKTOP,5896,96880,0.060858794384805945,6.598885218827415
2026-07-04,MOBILE,5887,28761,0.20468690240255902,6.939988178436077
2026-07-06,MOBILE,5887,29963,0.19647565330574376,7.064913393184928
2026-07-14,MOBILE,5864,22945,0.25556766179995644,6.180518631510133
2026-07-12,MOBILE,5854,25956,0.2255355216520265,6.577014948374171
2026-07-15,MOBILE,5828,22370,0.2605274921770228,6.258202950379973
2026-07-28,DESKTOP,5805,62315,0.09315574099334029,8.13009708737864
2026-06-01,DESKTOP,5785,98470,0.05874885752005687,6.837138214684676
2026-07-05,DESKTOP,5782,67314,0.0858959503223698,7.6888314466529994
2026-07-29,MOBILE,5782,25370,0.22790697674418606,6.726527394560504
2026-07-11,MOBILE,5737,26505,0.2164497264667044,7.017581588379551
2026-08-21,DESKTOP,5732,44382,0.12915145779820647,9.904646027668875
2026-07-23,MOBILE,5700,22675,0.2513781697905182,5.974156560088203
2026-07-31,MOBILE,5677,24268,0.23392945442558102,6.452447667710565
2026-04-28,DESKTOP,5663,105062,0.05390150577754088,6.204412632540786
2026-01-11,DESKTOP,5662,142617,0.03970073693879411,6.999992988213187
2026-05-27,MOBILE,5656,37541,0.150661942942383,6.755067792546815
2026-07-26,MOBILE,5652,24600,0.22975609756097562,6.868292682926829
2026-05-26,DESKTOP,5643,81562,0.06918663102915573,6.296645496677375
2026-07-25,MOBILE,5631,23749,0.2371047201987452,6.416438586887869
2026-05-08,DESKTOP,5598,102907,0.054398631774320506,6.666193747752826
2026-07-17,MOBILE,5556,21700,0.256036866359447,6.090322580645161
2026-04-27,DESKTOP,5551,103568,0.053597636335547656,6.0780743086667695
2026-01-03,DESKTOP,5546,91302,0.06074346673676371,6.9475476988455895
2026-08-24,MOBILE,5539,25879,0.21403454538428843,7.013563120676997
2026-08-08,MOBILE,5524,28100,0.19658362989323844,6.8159074733096086
2026-08-20,MOBILE,5517,25877,0.2132009120068014,6.57900838582525
2026-08-26,MOBILE,5495,25515,0.21536351165980797,6.736939055457574
2026-08-07,MOBILE,5483,25576,0.21438066937754144,6.2614951517047235
2026-08-19,MOBILE,5481,26584,0.2061766476075835,6.869018958772194
2026-01-02,DESKTOP,5476,96189,0.05692958654315982,7.408019628023994
2026-07-24,MOBILE,5476,23099,0.2370665396770423,6.489545001948136
2026-04-30,DESKTOP,5442,95083,0.057234205904315175,7.034359454371444
2026-07-16,MOBILE,5436,21126,0.257313263277478,6.231799678121746
2026-08-27,MOBILE,5432,24994,0.2173321597183324,7.0789789549491875
2026-08-30,MOBILE,5421,24226,0.22376785272021796,7.04656154544704
2026-08-23,MOBILE,5409,24348,0.2221537703302119,6.867833086906522
2026-07-30,MOBILE,5406,24958,0.21660389454283197,6.694246333840852
2026-08-18,MOBILE,5384,27436,0.1962385187345094,6.597426738591632
2026-08-29,MOBILE,5376,24085,0.22320946647290846,6.940959103176251
2026-05-20,DESKTOP,5363,81403,0.06588209279756274,6.466260457231306
2026-07-19,MOBILE,5357,20159,0.26573738776725037,6.285182796765713
2026-07-18,MOBILE,5349,22187,0.2410871230900978,6.299319421282733
2026-08-25,MOBILE,5349,26011,0.20564376609895813,7.293260543616163
2026-07-20,MOBILE,5336,20453,0.2608908228621718,6.201975260353004
2026-08-05,MOBILE,5324,24562,0.21675759302988357,6.580856607768097
2026-08-15,MOBILE,5288,26318,0.20092712212174177,6.469450566152443
2026-08-16,MOBILE,5278,26047,0.20263370061811342,6.71777939877913
2026-08-11,MOBILE,5270,27308,0.1929837410282701,6.694375274644793
2026-08-16,DESKTOP,5264,49349,0.10666882814241423,10.245577417982128
2026-08-28,MOBILE,5262,24064,0.21866688829787234,6.752202460106383
2026-08-06,MOBILE,5257,24960,0.21061698717948718,6.617307692307692
2026-05-04,DESKTOP,5248,91246,0.057514849966025905,7.154373890362317
2026-08-14,MOBILE,5242,26189,0.2001603726755508,6.6212150139371495
2026-08-22,MOBILE,5228,24114,0.21680351662934394,6.9291283072074314
2026-08-17,MOBILE,5218,26548,0.19654964592436341,6.574619557028778
2026-08-13,MOBILE,5201,27131,0.1916995319007777,6.634698315579964
2026-08-03,MOBILE,5195,25965,0.20007702676680147,6.89948006932409
2026-08-10,MOBILE,5168,28138,0.18366621650437132,6.489409339682991
2026-05-28,DESKTOP,5158,85410,0.060391054911602855,7.488678140732936
2026-08-01,MOBILE,5145,23569,0.2182952182952183,6.665153379439094
2026-08-04,MOBILE,5123,25145,0.20373831775700935,6.454802147544243
2026-08-31,MOBILE,5102,25073,0.2034858214015076,6.819846049535356
2026-08-02,MOBILE,5067,23994,0.21117779444861215,6.761482037175961
2026-08-12,MOBILE,5064,27478,0.18429288885653977,7.069255404323458
2026-06-23,DESKTOP,5046,90876,0.055526211541000924,11.35985298648708
2026-04-24,DESKTOP,5006,89922,0.0556704699628567,6.1744289495340405
2026-06-18,MOBILE,4974,22971,0.21653389055765965,5.783857907796787
2026-08-21,MOBILE,4915,24402,0.20141791656421604,6.718465699532826
2026-07-30,DESKTOP,4913,60569,0.0811141012729284,8.786673050570425
2026-05-27,DESKTOP,4912,92511,0.053096388537579316,7.3803655781474635
2026-04-17,DESKTOP,4905,102643,0.047786989858051694,6.591477256120729
2026-05-24,DESKTOP,4902,73515,0.06668026933278923,7.317050941984629
2026-05-29,DESKTOP,4870,77331,0.06297603807011419,7.53286521576082
2026-06-11,DESKTOP,4814,85293,0.05644073956831158,6.308219900812493
2026-05-15,DESKTOP,4813,80523,0.05977174223513779,6.667647752815966
2026-04-19,DESKTOP,4798,92789,0.051708715472739225,6.372328616538598
2026-08-10,DESKTOP,4790,69014,0.06940620743617237,8.305097516445938
2026-05-17,DESKTOP,4778,79951,0.059761603982439244,6.244674863353804
2026-08-11,DESKTOP,4774,64371,0.07416383153904708,8.185098879930404
2026-08-12,DESKTOP,4773,64513,0.07398508827678142,9.449924821353836
2026-01-10,DESKTOP,4732,117550,0.04025521054870268,7.374529987239472
2026-07-04,DESKTOP,4727,58971,0.08015804378423293,8.427345644469316
2026-05-10,DESKTOP,4705,91025,0.05168909640208734,6.92871189233727
2026-06-02,DESKTOP,4705,93753,0.050185060744722836,6.750877305259565
2026-05-21,DESKTOP,4702,88857,0.05291648378855915,6.921615629607121
2026-06-03,DESKTOP,4622,89633,0.05156582954938471,6.78602746756217
2026-05-31,DESKTOP,4593,83444,0.05504290302478309,6.986206318009683
2026-08-13,DESKTOP,4566,58177,0.07848462450796706,9.47085618027743
2026-06-16,DESKTOP,4539,86999,0.052173013482913595,6.615076035356728
2026-07-11,DESKTOP,4534,57658,0.07863609559818238,10.404731346907628
2026-05-23,DESKTOP,4516,63207,0.07144778268229784,7.991899631369943
2026-05-09,DESKTOP,4510,87272,0.05167751397928316,6.947222476853974
2026-08-22,DESKTOP,4473,37034,0.1207809040341308,11.000621050926176
2026-06-04,DESKTOP,4415,97243,0.04540172557407731,6.876875456331047
2026-05-22,DESKTOP,4399,80104,0.054916109058224305,7.801058623789074
2026-06-17,DESKTOP,4376,95110,0.04600988329302912,11.085606140258648
2026-05-01,DESKTOP,4367,86577,0.05044064820910865,7.469177726185938
2026-06-22,DESKTOP,4353,74930,0.05809422127318831,8.233524622981449
2026-08-29,DESKTOP,4307,39013,0.11039909773665188,13.210058185732962
2026-06-15,DESKTOP,4290,85887,0.04994935205560795,6.810658190412984
2026-04-26,DESKTOP,4285,87612,0.04890882527507647,6.3085992786376295
2026-06-09,DESKTOP,4205,88522,0.04750231580849958,6.243521384514584
2026-06-10,DESKTOP,4203,97014,0.04332364401014287,7.45911930236873
2026-01-01,DESKTOP,4165,81139,0.05133166541367283,8.146168920001479
2026-05-03,DESKTOP,4119,83620,0.04925855058598422,7.45353982300885
2026-05-16,DESKTOP,4097,72357,0.05662202689442625,6.764818884143898
2026-05-02,DESKTOP,4086,76583,0.05335387749239388,7.566313672747215
2026-04-18,DESKTOP,3951,91218,0.043313819640860354,6.702909513473218
2026-05-30,DESKTOP,3948,70837,0.055733585555571244,7.271411832799243
2026-08-14,DESKTOP,3826,48614,0.07870160859011807,8.959085860040318
2026-04-25,DESKTOP,3804,80317,0.04736232678013372,6.683504114944532
2026-07-14,DESKTOP,3800,67148,0.05659141001965807,7.51810925120629
2026-06-19,DESKTOP,3769,64208,0.05869985048592076,8.737415898330426
2026-07-15,DESKTOP,3735,62209,0.060039544117410665,7.1616164863604945
2026-06-18,DESKTOP,3684,69428,0.05306216512070058,7.50246298323443
2026-08-09,DESKTOP,3549,57032,0.06222822275213915,8.992214896899986
2026-06-08,DESKTOP,3493,86780,0.040251209956211106,6.631942843973266
2026-07-31,DESKTOP,3350,50542,0.06628150844841914,9.027858019073246
2026-06-21,DESKTOP,3288,61155,0.05376502330144714,9.029809500449677
2026-07-16,DESKTOP,3243,54796,0.059183152054894515,6.214796700489087
2026-06-12,DESKTOP,3221,68119,0.0472848984864722,6.990648717685227
2026-06-05,DESKTOP,3187,78748,0.0404708691014375,6.910372326916239
2026-06-19,MOBILE,3120,25632,0.12172284644194757,6.069873595505618
2026-07-27,DESKTOP,3038,64685,0.046966066321403724,7.966947514879802
2026-08-05,DESKTOP,2937,62251,0.04717996498048224,8.194454707554899
2026-06-14,DESKTOP,2911,68661,0.04239670264050917,7.011505803877019
2026-07-22,DESKTOP,2891,60320,0.04792771883289125,6.605852122015915
2026-08-06,DESKTOP,2850,60625,0.047010309278350516,8.41222268041237
2026-08-15,DESKTOP,2837,40872,0.0694118222744177,10.010496183206106
2026-07-23,DESKTOP,2798,56687,0.0493587595039427,6.476775980383509
2026-07-21,DESKTOP,2783,59076,0.047108808991807166,5.906307129798903
2026-08-04,DESKTOP,2631,59723,0.04405337976993788,7.528439629623428
2026-08-03,DESKTOP,2620,60219,0.04350786296683771,8.177468905162822
2026-06-13,DESKTOP,2564,60302,0.042519319425558026,7.508507180524693
2026-08-07,DESKTOP,2467,49404,0.049935227916767876,7.789794348635738
2026-06-20,DESKTOP,2443,55502,0.044016431840294044,8.727757558286187
2026-07-20,DESKTOP,2433,57126,0.04259006406890033,6.130991142387004
2026-08-08,DESKTOP,2383,43596,0.0546609780713827,7.391641434994036
2026-01-03,TABLET,2314,4030,0.5741935483870968,3.6044665012406947
2026-01-04,TABLET,2310,4056,0.5695266272189349,3.3705621301775146
2026-06-07,DESKTOP,2159,72797,0.029657815569322912,6.973831339203539
2026-07-24,DESKTOP,2149,50820,0.04228650137741047,7.9944116489571035
2026-07-17,DESKTOP,2131,49539,0.0430166131734593,6.414420961262843
2026-07-26,DESKTOP,2127,51044,0.041669931823524804,7.870425515241752
2026-08-02,DESKTOP,2084,51827,0.04021070098597256,9.563432187855751
2026-01-02,TABLET,1923,3467,0.5546582059417364,4.035477357946352
2026-07-19,DESKTOP,1778,45274,0.039271988337677255,6.815722047974555
2026-07-25,DESKTOP,1774,44296,0.04004876286797905,8.618001625428931
2026-06-06,DESKTOP,1700,63774,0.026656631229027502,7.133957412111519
2026-08-01,DESKTOP,1624,44758,0.03628401626524867,10.097390410652844
2026-07-18,DESKTOP,1534,45238,0.03390954507272647,7.061607498121049
2026-01-05,TABLET,1519,3038,0.5,4.160302830809743
2026-01-07,TABLET,1322,2985,0.44288107202680066,4.569179229480737
2026-01-06,TABLET,1300,2791,0.4657828735220351,4.408097456108921
2026-01-08,TABLET,1235,2909,0.42454451701615675,4.602268820900653
2026-01-11,TABLET,1188,2541,0.4675324675324675,4.109012199921291
2026-01-12,TABLET,1175,2570,0.4571984435797665,3.899610894941634
2026-01-09,TABLET,1119,2549,0.43899568458218907,4.20400156924284
2026-01-13,TABLET,1084,2434,0.44535743631881675,4.202958093672967
2026-01-10,TABLET,1073,2331,0.4603174603174603,4.1934791934791935
2026-01-01,TABLET,1057,2464,0.4289772727272727,4.974837662337663
2026-01-14,TABLET,1039,2201,0.4720581553839164,4.298046342571558
2026-01-15,TABLET,955,2547,0.37495092265410285,4.908519827247742
2026-01-16,TABLET,857,2236,0.3832737030411449,4.836762075134168
2026-01-17,TABLET,779,2332,0.3340480274442539,5.7718696397941684
2026-01-18,TABLET,770,2362,0.3259949195596952,5.511430990685859
2026-02-01,TABLET,698,2865,0.243630017452007,5.89109947643979
2026-01-21,TABLET,684,2283,0.2996057818659658,5.252737625930793
2026-01-20,TABLET,682,2090,0.3263157894736842,5.186602870813397
2026-01-27,TABLET,678,2876,0.2357440890125174,5.501390820584144
2026-01-19,TABLET,667,2058,0.3241010689990282,5.339164237123421
2026-01-22,TABLET,666,2337,0.28498074454428757,5.614890885750963
2026-01-26,TABLET,659,2624,0.25114329268292684,5.258765243902439
2026-01-25,TABLET,649,2677,0.2424355621964886,5.497571908853194
2026-01-31,TABLET,646,2452,0.2634584013050571,5.5942088091354
2026-01-29,TABLET,642,2991,0.21464393179538616,6.584085590103644
2026-01-24,TABLET,631,2384,0.2646812080536913,5.6245805369127515
2026-01-23,TABLET,605,2443,0.24764633647155138,5.594351207531723
2026-01-30,TABLET,584,2899,0.20144877543980683,6.84822352535357
2026-01-28,TABLET,572,2637,0.2169131588926811,5.6416382252559725
2026-02-02,TABLET,555,2627,0.2112676056338028,6.1808146174343355
2026-02-24,TABLET,547,3141,0.17414836039477874,7.44157911493155
2026-02-08,TABLET,530,2126,0.24929444967074318,5.589369708372531
2026-02-09,TABLET,523,2159,0.24224177860120427,5.695229272811487
2026-03-09,TABLET,516,1876,0.27505330490405117,4.964285714285714
2026-02-04,TABLET,515,2088,0.24664750957854406,5.861111111111111
2026-02-23,TABLET,510,2654,0.19216277317256972,7.325923134890731
2026-02-12,TABLET,499,1880,0.2654255319148936,5.66968085106383
2026-03-10,TABLET,496,1925,0.25766233766233765,5.149610389610389
2026-02-07,TABLET,491,2194,0.22379216043755698,5.707383773928897
2026-02-11,TABLET,490,2188,0.22394881170018283,5.9881170018281535
2026-03-05,TABLET,489,1888,0.2590042372881356,5.311440677966102
2026-02-21,TABLET,486,2942,0.16519374575118967,7.673691366417403
2026-02-05,TABLET,482,1969,0.244794311833418,6.242254951752159
2026-02-25,TABLET,480,3151,0.15233259282767375,7.633767058076801
2026-02-06,TABLET,477,1959,0.2434915773353752,6.343542623787647
2026-03-03,TABLET,477,1482,0.32186234817813764,5.095816464237517
2026-02-17,TABLET,476,2328,0.20446735395189003,7.095790378006873
2026-03-31,TABLET,475,1475,0.3220338983050847,5.093559322033898
2026-02-03,TABLET,474,2162,0.21924144310823312,5.689176688251619
2026-04-13,TABLET,472,1432,0.329608938547486,4.974860335195531
2026-02-10,TABLET,465,1957,0.23760858456821665,5.079202861522739
2026-03-07,TABLET,460,1782,0.25813692480359146,5.194725028058361
2026-02-14,TABLET,459,1806,0.2541528239202658,6.132890365448505
2026-03-04,TABLET,455,1761,0.25837592277115273,5.151050539466213
2026-02-13,TABLET,453,1686,0.26868327402135234,5.935349940688019
2026-03-15,TABLET,451,2005,0.22493765586034914,5.729177057356608
2026-02-26,TABLET,450,4937,0.0911484707312133,9.049625278509216
2026-02-15,TABLET,448,1828,0.24507658643326038,5.9070021881838075
2026-02-16,TABLET,445,1647,0.27018822100789314,5.629022465088039
2026-03-21,TABLET,444,1115,0.39820627802690584,5.165022421524664
2026-02-18,TABLET,443,2401,0.1845064556434819,7.41774260724698
2026-03-13,TABLET,438,1555,0.28167202572347266,4.9729903536977496
2026-03-14,TABLET,438,1943,0.2254246011322697,5.332990221307257
2026-03-26,TABLET,438,1038,0.42196531791907516,4.46917148362235
2026-03-25,TABLET,435,1094,0.3976234003656307,4.345521023765997
2026-04-06,TABLET,434,1465,0.2962457337883959,5.0976109215017065
2026-02-22,TABLET,433,2755,0.1571687840290381,7.819963702359346
2026-02-28,TABLET,433,3758,0.11522086216072379,7.621075039914849
2026-02-27,TABLET,431,4157,0.1036805388501323,8.490257397161415
2026-03-02,TABLET,431,1717,0.25101921956901574,5.176470588235294
2026-03-01,TABLET,425,1717,0.24752475247524752,5.538730343622597
2026-03-18,TABLET,425,1057,0.402081362346263,4.086092715231788
2026-03-17,TABLET,423,1557,0.27167630057803466,4.655105973025048
2026-04-01,TABLET,423,1350,0.31333333333333335,4.737777777777778
2026-03-24,TABLET,422,1078,0.3914656771799629,3.5834879406307976
2026-04-07,TABLET,421,1314,0.3203957382039574,5.418569254185693
2026-04-02,TABLET,419,1330,0.3150375939849624,4.3353383458646615
2026-03-12,TABLET,418,1584,0.2638888888888889,5.332070707070707
2026-04-05,TABLET,415,1391,0.29834651329978434,5.098490294751977
2026-03-11,TABLET,414,1711,0.24196376388077148,5.088252483927528
2026-02-19,TABLET,411,2242,0.1833184656556646,7.6409455842997325
2026-03-16,TABLET,411,1918,0.21428571428571427,5.129301355578728
2026-04-03,TABLET,411,1298,0.31664098613251157,4.474576271186441
2026-03-30,TABLET,409,1304,0.3136503067484663,4.730828220858896
2026-03-29,TABLET,408,1223,0.3336058871627146,4.859362224039248
2026-04-11,TABLET,405,1320,0.3068181818181818,4.990151515151515
2026-03-23,TABLET,404,1049,0.3851286939942803,4.214489990467111
2026-04-20,TABLET,397,1210,0.328099173553719,5.106611570247934
2026-03-22,TABLET,396,1093,0.36230558096980786,4.1463860933211345
2026-04-22,TABLET,395,1277,0.3093187157400157,5.952231793265466
2026-03-06,TABLET,394,1728,0.22800925925925927,5.309027777777778
2026-04-23,TABLET,394,1305,0.30191570881226054,5.509578544061303
2026-04-08,TABLET,385,1218,0.3160919540229885,5.787356321839081
2026-04-09,TABLET,383,1263,0.30324623911322246,5.110847189231987
2026-04-10,TABLET,380,1283,0.2961808261886204,4.919719407638348
2026-04-16,TABLET,379,1289,0.2940263770364624,4.849495733126455
2026-03-19,TABLET,377,992,0.3800403225806452,4.27016129032258
2026-04-14,TABLET,376,1257,0.29912490055688146,4.6968973747016705
2026-04-04,TABLET,375,1257,0.29832935560859186,5.567223548130469
2026-03-27,TABLET,374,1051,0.3558515699333968,5.529019980970504
2026-03-28,TABLET,370,1070,0.34579439252336447,4.732710280373832
2026-03-08,TABLET,364,1661,0.21914509331727874,5.488862131246237
2026-04-21,TABLET,363,1153,0.3148308759757155,5.780572419774502
2026-02-20,TABLET,362,2428,0.14909390444810544,8.053953871499175
2026-04-12,TABLET,355,1321,0.2687358062074186,4.81453444360333
2026-04-18,TABLET,351,1260,0.2785714285714286,5.277777777777778
2026-04-19,TABLET,348,1319,0.26383623957543595,4.9037149355572405
2026-04-15,TABLET,341,1272,0.26808176100628933,5.561320754716981
2026-03-20,TABLET,333,915,0.3639344262295082,4.826229508196722
2026-04-29,TABLET,329,1227,0.26813365933170336,5.788101059494703
2026-05-19,TABLET,328,1043,0.3144774688398849,5.154362416107382
2026-04-28,TABLET,327,1251,0.26139088729016785,6.139888089528378
2026-04-26,TABLET,318,1236,0.25728155339805825,5.822815533980583
2026-05-05,TABLET,313,1253,0.24980047885075818,5.386272944932163
2026-04-27,TABLET,312,1206,0.25870646766169153,6.085406301824213
2026-04-25,TABLET,308,1220,0.25245901639344265,6.00327868852459
2026-05-12,TABLET,302,1323,0.22826908541194255,6.043083900226757
2026-05-03,TABLET,301,1309,0.22994652406417113,5.908326967150496
2026-05-07,TABLET,298,1164,0.25601374570446733,5.535223367697594
2026-04-17,TABLET,294,1222,0.24058919803600654,5.473813420621931
2026-04-24,TABLET,292,1232,0.237012987012987,6.652597402597403
2026-04-30,TABLET,292,1187,0.2459983150800337,6.569502948609941
2026-05-01,TABLET,291,1203,0.24189526184538654,6.005818786367414
2026-05-10,TABLET,291,1316,0.22112462006079028,6.344984802431611
2026-05-17,TABLET,288,1187,0.2426284751474305,5.636899747262005
2026-05-13,TABLET,282,1314,0.2146118721461187,5.658295281582953
2026-05-11,TABLET,281,1288,0.21816770186335405,5.78027950310559
2026-05-08,TABLET,277,1116,0.2482078853046595,6.384408602150538
2026-05-04,TABLET,274,1207,0.22700911350455674,5.9792874896437445
2026-05-09,TABLET,267,1105,0.2416289592760181,6.5565610859728505
2026-05-06,TABLET,266,1216,0.21875,6.171875
2026-06-15,TABLET,266,870,0.3057471264367816,7.132183908045977
2026-05-16,TABLET,265,1105,0.2398190045248869,6.545701357466063
2026-05-23,TABLET,265,1056,0.2509469696969697,7.016098484848484
2026-06-03,TABLET,255,841,0.3032104637336504,6.336504161712248
2026-06-06,TABLET,255,873,0.2920962199312715,7.018327605956472
2026-05-22,TABLET,253,976,0.25922131147540983,6.078893442622951
2026-05-18,TABLET,252,985,0.25583756345177666,5.894416243654822
2026-05-24,TABLET,249,1024,0.2431640625,6.8701171875
2026-05-02,TABLET,248,1095,0.2264840182648402,6.531506849315068
2026-05-20,TABLET,246,932,0.26394849785407726,5.853004291845494
2026-05-21,TABLET,246,1093,0.2250686184812443,6.103385178408051
2026-06-04,TABLET,246,867,0.2837370242214533,6.324106113033449
2026-05-25,TABLET,245,1090,0.22477064220183487,7.035779816513761
2026-06-08,TABLET,245,832,0.29447115384615385,5.538461538461538
2026-06-01,TABLET,243,1043,0.23298178331735378,6.433365292425695
2026-06-02,TABLET,243,931,0.26100966702470463,8.616541353383457
2026-05-14,TABLET,242,1090,0.22201834862385322,6.944954128440367
2026-06-12,TABLET,242,831,0.29121540312876054,8.825511432009627
2026-06-11,TABLET,241,880,0.27386363636363636,7.280681818181818
2026-05-30,TABLET,240,1113,0.215633423180593,7.391734052111411
2026-06-30,TABLET,238,1035,0.22995169082125605,6.080193236714976
2026-05-31,TABLET,237,1080,0.21944444444444444,7.277777777777778
2026-06-16,TABLET,231,776,0.297680412371134,6.362113402061856
2026-06-07,TABLET,228,819,0.2783882783882784,6.230769230769231
2026-06-09,TABLET,227,859,0.26426076833527357,6.613504074505238
2026-06-10,TABLET,224,813,0.27552275522755226,6.017220172201722
2026-07-09,TABLET,222,957,0.23197492163009403,6.179728317659352
2026-08-26,TABLET,220,717,0.3068340306834031,6.953974895397489
2026-06-29,TABLET,219,938,0.23347547974413646,5.830490405117271
2026-07-01,TABLET,217,952,0.22794117647058823,6.389705882352941
2026-07-07,TABLET,216,971,0.22245108135942326,5.864057672502574
2026-06-21,TABLET,209,751,0.2782956058588549,5.986684420772304
2026-08-27,TABLET,206,698,0.29512893982808025,5.613180515759312
2026-05-26,TABLET,205,1089,0.18824609733700642,6.938475665748393
2026-07-02,TABLET,204,886,0.23024830699774265,6.4300225733634315
2026-06-20,TABLET,203,722,0.28116343490304707,5.650969529085873
2026-06-22,TABLET,198,750,0.264,5.201333333333333
2026-07-15,TABLET,198,722,0.2742382271468144,5.457063711911357
2026-08-13,TABLET,198,797,0.24843161856963614,5.851944792973651
2026-05-29,TABLET,197,1026,0.19200779727095516,7.375243664717349
2026-06-28,TABLET,197,952,0.20693277310924368,6.85609243697479
2026-07-05,TABLET,197,906,0.217439293598234,6.0905077262693155
2026-07-12,TABLET,196,859,0.2281722933643772,6.308498253783469
2026-06-13,TABLET,195,717,0.2719665271966527,8.485355648535565
2026-06-24,TABLET,195,640,0.3046875,5.878125
2026-06-26,TABLET,193,920,0.20978260869565218,5.784782608695652
2026-07-06,TABLET,192,909,0.21122112211221122,6.463146314631463
2026-07-22,TABLET,192,683,0.28111273792093705,6.184480234260615
2026-07-28,TABLET,192,773,0.24838292367399742,9.608020698576972
2026-07-27,TABLET,190,795,0.2389937106918239,10.422641509433962
2026-06-05,TABLET,189,747,0.25301204819277107,6.456492637215529
2026-07-03,TABLET,189,876,0.21575342465753425,6.92351598173516
2026-06-17,TABLET,187,664,0.2816265060240964,6.801204819277109
2026-07-16,TABLET,187,721,0.2593619972260749,6.805825242718447
2026-08-12,TABLET,187,747,0.250334672021419,5.246318607764391
2026-07-11,TABLET,186,966,0.19254658385093168,6.683229813664596
2026-07-08,TABLET,184,1023,0.1798631476050831,6.379276637341153
2026-05-15,TABLET,183,950,0.19263157894736843,5.7
2026-08-03,TABLET,182,876,0.20776255707762556,11.51027397260274
2026-08-10,TABLET,182,767,0.23728813559322035,6.976531942633637
2026-08-08,TABLET,181,757,0.23910171730515192,6.508586525759577
2026-07-04,TABLET,180,891,0.20202020202020202,6.525252525252525
2026-08-04,TABLET,180,768,0.234375,6.7421875
2026-05-28,TABLET,177,1036,0.17084942084942084,6.695945945945946
2026-07-23,TABLET,177,670,0.26417910447761195,9.523880597014925
2026-06-14,TABLET,175,740,0.23648648648648649,7.551351351351351
2026-07-31,TABLET,175,761,0.22996057818659657,8.538764783180026
2026-06-23,TABLET,174,700,0.24857142857142858,5.425714285714286
2026-07-14,TABLET,174,663,0.26244343891402716,6.153846153846154
2026-07-10,TABLET,172,947,0.1816261879619852,6.470960929250264
2026-08-05,TABLET,172,697,0.2467718794835007,5.827833572453372
2026-08-09,TABLET,171,713,0.23983169705469845,6.276297335203366
2026-08-17,TABLET,171,716,0.2388268156424581,6.152234636871508
2026-08-24,TABLET,171,702,0.24358974358974358,6.333333333333333
2026-08-23,TABLET,169,652,0.25920245398773006,7.193251533742331
2026-06-25,TABLET,168,793,0.21185372005044137,5.69609079445145
2026-06-27,TABLET,168,839,0.20023837902264602,5.827175208581645
2026-07-21,TABLET,168,619,0.27140549273021003,7.203554119547658
2026-08-11,TABLET,165,751,0.2197070572569907,6.977363515312916
2026-07-18,TABLET,164,692,0.23699421965317918,7.241329479768786
2026-07-25,TABLET,164,749,0.21895861148197596,7.664886515353805
2026-08-01,TABLET,164,786,0.20865139949109415,8.11323155216285
2026-08-16,TABLET,163,776,0.21005154639175258,6.484536082474227
2026-07-24,TABLET,162,659,0.24582701062215478,8.028831562974204
2026-07-13,TABLET,161,682,0.23607038123167157,5.670087976539589
2026-08-22,TABLET,161,634,0.2539432176656151,7.2239747634069404
2026-07-20,TABLET,160,611,0.2618657937806874,7.057283142389525
2026-07-26,TABLET,160,832,0.19230769230769232,9.757211538461538
2026-08-19,TABLET,160,674,0.23738872403560832,6.140949554896142
2026-07-29,TABLET,159,784,0.20280612244897958,8.5
2026-08-20,TABLET,159,666,0.23873873873873874,6.563063063063063
2026-08-06,TABLET,158,723,0.21853388658367912,6.385892116182573
2026-08-31,TABLET,158,634,0.24921135646687698,6.302839116719243
2026-08-14,TABLET,157,734,0.21389645776566757,6.982288828337874
2026-08-21,TABLET,157,660,0.23787878787878788,6.259090909090909
2026-07-17,TABLET,155,673,0.2303120356612184,6.127786032689451
2026-08-30,TABLET,154,618,0.24919093851132687,7.475728155339806
2026-06-18,TABLET,153,667,0.22938530734632684,5.263868065967016
2026-07-30,TABLET,153,744,0.2056451612903226,9.348118279569892
2026-08-18,TABLET,151,734,0.20572207084468666,6.517711171662126
2026-08-25,TABLET,151,672,0.22470238095238096,7.877976190476191
2026-08-07,TABLET,147,702,0.2094017094017094,6.253561253561253
2026-05-27,TABLET,144,1118,0.12880143112701253,7.090339892665474
2026-08-28,TABLET,144,617,0.233387358184765,6.810372771474879
2026-07-19,TABLET,142,546,0.2600732600732601,8.23992673992674
2026-08-29,TABLET,142,616,0.2305194805194805,6.4772727272727275
2026-08-02,TABLET,141,747,0.18875502008032127,9.742971887550201
2026-08-15,TABLET,137,707,0.19377652050919378,6.647807637906648
2026-06-19,TABLET,96,705,0.13617021276595745,5.902127659574468
