date,search_type,clicks,impressions,ctr,position
2026-05-01,discover,0,0,0,
2026-05-01,googleNews,0,0,0,
2026-05-01,image,8,30459,0.00026264814997209365,45.938474670869034
2026-05-01,news,0,3,0,1
2026-05-01,video,0,8,0,12.125
2026-05-01,web,15570,127802,0.12182907935713057,6.938803774588817
2026-05-02,discover,0,1,0,
2026-05-02,googleNews,0,0,0,
2026-05-02,image,10,29582,0.0003380434047731729,46.04239064295856
2026-05-02,news,0,4,0,3.75
2026-05-02,video,0,3,0,11.333333333333334
2026-05-02,web,14924,115751,0.1289319314735942,6.928657203825453
2026-05-03,discover,0,0,0,
2026-05-03,googleNews,0,0,0,
2026-05-03,image,7,27821,0.0002516084971783904,45.78512634340966
2026-05-03,news,0,2,0,1
2026-05-03,video,0,1,0,17
2026-05-03,web,14761,124774,0.11830188981678876,6.912040970073893
2026-05-04,discover,0,0,0,
2026-05-04,googleNews,0,0,0,
2026-05-04,image,10,30579,0.0003270218123548841,45.121913731645904
2026-05-04,news,0,3,0,8.666666666666668
2026-05-04,video,0,2,0,12
2026-05-04,web,15281,132030,0.11573884723168977,6.789971976066045
2026-05-05,discover,0,0,0,
2026-05-05,googleNews,0,0,0,
2026-05-05,image,11,33411,0.0003292328873724223,45.42596749573494
2026-05-05,news,0,4,0,1
2026-05-05,video,0,5,0,12.4
2026-05-05,web,17103,146876,0.11644516462866636,6.511513113102208
2026-05-06,discover,0,0,0,
2026-05-06,googleNews,0,0,0,
2026-05-06,image,15,28631,0.0005239076525444448,44.37204428766023
2026-05-06,news,0,6,0,4.333333333333334
2026-05-06,video,0,2,0,3
2026-05-06,web,16095,152726,0.10538480677815172,6.437201262391472
2026-05-07,discover,0,0,0,
2026-05-07,googleNews,0,0,0,
2026-05-07,image,9,18710,0.00048102618920363443,41.05360769641903
2026-05-07,news,0,4,0,1
2026-05-07,video,0,2,0,5.5
2026-05-07,web,15850,146437,0.10823767217301639,6.3834276856259
2026-05-08,discover,0,0,0,
2026-05-08,googleNews,0,0,0,
2026-05-08,image,3,19133,0.00015679715674489102,42.19782574609314
2026-05-08,news,0,1,0,1
2026-05-08,video,0,0,0,0
2026-05-08,web,15324,142215,0.10775234679886088,6.513996413880393
2026-05-09,discover,0,0,0,
2026-05-09,googleNews,0,0,0,
2026-05-09,image,6,14357,0.00041791460611548373,42.96350212439925
2026-05-09,news,0,1,0,1
2026-05-09,video,1,3,0.3333333333333333,3.6666666666666665
2026-05-09,web,14574,126656,0.11506758463870642,6.643877905507832
2026-05-10,discover,0,0,0,
2026-05-10,googleNews,0,0,0,
2026-05-10,image,8,14493,0.0005519906161595252,42.29717794797489
2026-05-10,news,0,0,0,0
2026-05-10,video,0,2,0,6
2026-05-10,web,15604,135396,0.11524712694614317,6.614176194274572
2026-05-11,discover,0,0,0,
2026-05-11,googleNews,0,0,0,
2026-05-11,image,19,22109,0.000859378533628839,42.01953955402777
2026-05-11,news,0,1,0,1
2026-05-11,video,0,5,0,2.4
2026-05-11,web,16523,152593,0.1082815070153939,6.637663588762263
2026-05-12,discover,0,6,0,
2026-05-12,googleNews,0,0,0,
2026-05-12,image,18,34865,0.0005162770686935322,41.912433672737706
2026-05-12,news,0,38,0,4.315789473684211
2026-05-12,video,0,9,0,2.5555555555555554
2026-05-12,web,16381,156610,0.10459740757295193,6.576642615414086
2026-05-13,discover,0,28,0,
2026-05-13,googleNews,0,0,0,
2026-05-13,image,17,27762,0.000612347813558101,44.01332757005979
2026-05-13,news,0,4,0,2
2026-05-13,video,0,10,0,1.9
2026-05-13,web,15956,150226,0.10621330528670136,6.523677658993782
2026-05-14,discover,0,36,0,
2026-05-14,googleNews,0,0,0,
2026-05-14,image,12,21491,0.0005583732725326881,46.85221720720302
2026-05-14,news,0,5,0,1
2026-05-14,video,1,5,0.2,2.2
2026-05-14,web,14984,135617,0.1104876232330755,6.554827197180295
2026-05-15,discover,1,90,0.011111111111111112,
2026-05-15,googleNews,0,0,0,
2026-05-15,image,4,17179,0.00023284242388963268,48.003725478782236
2026-05-15,news,0,4,0,1
2026-05-15,video,0,9,0,2.888888888888889
2026-05-15,web,14107,116155,0.12144978692264646,6.424484524988163
2026-05-16,discover,3,103,0.02912621359223301,
2026-05-16,googleNews,0,0,0,
2026-05-16,image,11,13068,0.0008417508417508417,46.93212427303337
2026-05-16,news,0,7,0,3.2857142857142856
2026-05-16,video,2,11,0.18181818181818182,2.7272727272727275
2026-05-16,web,14493,110330,0.13136046406235838,6.470352578627753
2026-05-17,discover,0,119,0,
2026-05-17,googleNews,0,0,0,
2026-05-17,image,4,13073,0.0003059741451847319,44.78023407022106
2026-05-17,news,0,4,0,1
2026-05-17,video,0,3,0,5.666666666666667
2026-05-17,web,14913,117740,0.1266604382537795,6.129972821471038
2026-05-18,discover,1,102,0.00980392156862745,
2026-05-18,googleNews,0,0,0,
2026-05-18,image,8,13768,0.0005810575246949448,43.70772806507844
2026-05-18,news,0,4,0,1.25
2026-05-18,video,0,6,0,2.166666666666667
2026-05-18,web,15347,124891,0.12288315411038425,6.448847394928378
2026-05-19,discover,1,59,0.01694915254237288,
2026-05-19,googleNews,0,0,0,
2026-05-19,image,7,13449,0.0005204847944085062,43.68934493270875
2026-05-19,news,0,3,0,1
2026-05-19,video,0,4,0,1.5
2026-05-19,web,16194,116532,0.13896612089383173,6.376257165413792
2026-05-20,discover,0,44,0,
2026-05-20,googleNews,0,0,0,
2026-05-20,image,5,13097,0.0003817668168282813,44.761548446209055
2026-05-20,news,0,14,0,5.285714285714286
2026-05-20,video,0,13,0,4.384615384615385
2026-05-20,web,14404,116134,0.12402913875350888,6.355098420789777
2026-05-21,discover,0,3,0,
2026-05-21,googleNews,0,0,0,
2026-05-21,image,8,15197,0.0005264196880963348,45.376653286832926
2026-05-21,news,0,5,0,2.4
2026-05-21,video,0,7,0,6.571428571428571
2026-05-21,web,13285,128263,0.10357624568269883,6.705534721626658
2026-05-22,discover,0,0,0,
2026-05-22,googleNews,0,0,0,
2026-05-22,image,11,11067,0.0009939459654829674,45.453962230053314
2026-05-22,news,0,6,0,4.333333333333334
2026-05-22,video,0,2,0,6.5
2026-05-22,web,13132,115871,0.11333293058660061,7.296631598933296
2026-05-23,discover,0,0,0,
2026-05-23,googleNews,0,0,0,
2026-05-23,image,3,10712,0.00028005974607916355,45.457150858849886
2026-05-23,news,0,3,0,4.333333333333334
2026-05-23,video,0,2,0,5.5
2026-05-23,web,13633,98761,0.13804031955934024,7.367807130344974
2026-05-24,discover,0,0,0,
2026-05-24,googleNews,0,0,0,
2026-05-24,image,4,10734,0.0003726476616359232,43.96655487236818
2026-05-24,news,0,4,0,1
2026-05-24,video,0,6,0,3
2026-05-24,web,14450,111550,0.12953832362169432,7.007368892873151
2026-05-25,discover,0,0,0,
2026-05-25,googleNews,0,0,0,
2026-05-25,image,5,10192,0.0004905808477237048,44.494505494505496
2026-05-25,news,0,1,0,8
2026-05-25,video,0,2,0,2
2026-05-25,web,14506,128448,0.11293285999003488,6.647795216741405
2026-05-26,discover,0,0,0,
2026-05-26,googleNews,0,0,0,
2026-05-26,image,3,9195,0.0003262642740619902,43.95269168026101
2026-05-26,news,0,4,0,2.5
2026-05-26,video,3,13,0.23076923076923078,7.076923076923077
2026-05-26,web,12780,118505,0.1078435509050251,6.370262858107253
2026-05-27,discover,0,0,0,
2026-05-27,googleNews,0,0,0,
2026-05-27,image,10,9996,0.0010004001600640256,44.418867547018806
2026-05-27,news,0,5,0,3.8
2026-05-27,video,0,12,0,2
2026-05-27,web,10712,131170,0.08166501486620416,7.198932682778074
2026-05-28,discover,0,0,0,
2026-05-28,googleNews,0,0,0,
2026-05-28,image,10,10357,0.0009655305590421936,43.870522352032445
2026-05-28,news,0,5,0,1.6
2026-05-28,video,0,14,0,3.5714285714285716
2026-05-28,web,12210,122204,0.0999148964027364,7.228192203201204
2026-05-29,discover,0,0,0,
2026-05-29,googleNews,0,0,0,
2026-05-29,image,9,8804,0.0010222626079054976,43.547137664697864
2026-05-29,news,0,1,0,1
2026-05-29,video,2,7,0.2857142857142857,1.1428571428571428
2026-05-29,web,12393,113904,0.10880214917825537,7.344360162944234
2026-05-30,discover,0,0,0,
2026-05-30,googleNews,0,0,0,
2026-05-30,image,5,5616,0.0008903133903133903,39.7099358974359
2026-05-30,news,0,1,0,1
2026-05-30,video,0,6,0,3.5
2026-05-30,web,11713,106793,0.109679473373723,7.127321079096944
2026-05-31,discover,0,0,0,
2026-05-31,googleNews,0,0,0,
2026-05-31,image,8,5847,0.0013682230203523175,40.33743800239439
2026-05-31,news,0,0,0,0
2026-05-31,video,0,8,0,2.625
2026-05-31,web,12157,120129,0.10119954382372283,6.992225024765045
2026-06-01,discover,0,1,0,
2026-06-01,googleNews,0,0,0,
2026-06-01,image,6,6712,0.0008939213349225268,40.92088796185936
2026-06-01,news,0,6,0,8.833333333333332
2026-06-01,video,0,3,0,3.6666666666666665
2026-06-01,web,13445,135408,0.09929250856670212,6.893861514829257
2026-06-02,discover,0,0,0,
2026-06-02,googleNews,0,0,0,
2026-06-02,image,6,5547,0.001081665765278529,41.986659455561565
2026-06-02,news,0,4,0,2
2026-06-02,video,3,27,0.1111111111111111,1.8888888888888888
2026-06-02,web,12364,127020,0.09733900173201071,6.749937017792473
2026-06-03,discover,0,0,0,
2026-06-03,googleNews,0,0,0,
2026-06-03,image,2,4052,0.0004935834155972359,42.15276406712734
2026-06-03,news,0,7,0,3
2026-06-03,video,0,17,0,4.529411764705882
2026-06-03,web,12351,120025,0.1029035617579671,6.838908560716518
2026-06-04,discover,0,8,0,
2026-06-04,googleNews,0,0,0,
2026-06-04,image,1,3030,0.00033003300330033004,43.15115511551155
2026-06-04,news,0,5,0,4
2026-06-04,video,0,16,0,2
2026-06-04,web,11824,128240,0.09220212102308172,6.803485651902682
2026-06-05,discover,6,65,0.09230769230769231,
2026-06-05,googleNews,0,0,0,
2026-06-05,image,1,2652,0.0003770739064856712,43.497737556561084
2026-06-05,news,0,4,0,3.25
2026-06-05,video,1,12,0.08333333333333333,3.3333333333333335
2026-06-05,web,10352,107536,0.09626543669096861,6.785355601844963
2026-06-06,discover,0,2,0,
2026-06-06,googleNews,0,0,0,
2026-06-06,image,2,2201,0.0009086778736937755,46.94457064970468
2026-06-06,news,0,4,0,2.5
2026-06-06,video,2,17,0.11764705882352941,2.4705882352941178
2026-06-06,web,8902,91212,0.09759680743761785,7.003267113976231
2026-06-07,discover,0,1,0,
2026-06-07,googleNews,0,0,0,
2026-06-07,image,2,2401,0.0008329862557267805,46.345689296126615
2026-06-07,news,0,0,0,0
2026-06-07,video,3,21,0.14285714285714285,1.9047619047619047
2026-06-07,web,9618,101062,0.09516930201262591,6.921374997526271
2026-06-08,discover,0,0,0,
2026-06-08,googleNews,0,0,0,
2026-06-08,image,1,2385,0.0004192872117400419,47.586163522012576
2026-06-08,news,0,0,0,0
2026-06-08,video,0,11,0,2.6363636363636367
2026-06-08,web,10656,115251,0.09245906760028112,6.622901319728245
2026-06-09,discover,0,4,0,
2026-06-09,googleNews,0,0,0,
2026-06-09,image,1,2319,0.00043122035360068997,49.44286330314791
2026-06-09,news,0,10,0,2.7
2026-06-09,video,1,14,0.07142857142857142,3.642857142857143
2026-06-09,web,11506,118572,0.09703808656343825,6.311220186890665
2026-06-10,discover,0,69,0,
2026-06-10,googleNews,0,0,0,
2026-06-10,image,2,2507,0.0007977662544874351,49.154766653370565
2026-06-10,news,0,29,0,4.482758620689655
2026-06-10,video,2,28,0.07142857142857142,3.75
2026-06-10,web,11848,126984,0.0933030933030933,7.210876960876961
2026-06-11,discover,0,1,0,
2026-06-11,googleNews,0,0,0,
2026-06-11,image,4,2033,0.001967535661583866,48.83226758484997
2026-06-11,news,0,7,0,1.8571428571428572
2026-06-11,video,0,23,0,1.9565217391304348
2026-06-11,web,12400,115372,0.10747841764032867,6.355224837915612
2026-06-12,discover,0,0,0,
2026-06-12,googleNews,0,0,0,
2026-06-12,image,3,2042,0.0014691478942213516,47.53134182174339
2026-06-12,news,0,3,0,1
2026-06-12,video,1,28,0.03571428571428571,3
2026-06-12,web,11331,98258,0.11531885444442183,6.8002605385821004
2026-06-13,discover,0,1,0,
2026-06-13,googleNews,0,0,0,
2026-06-13,image,2,1851,0.0010804970286331713,48.50837385197191
2026-06-13,news,0,0,0,0
2026-06-13,video,0,11,0,1.0909090909090908
2026-06-13,web,9842,87931,0.111928671344577,7.125871421910362
2026-06-14,discover,0,0,0,
2026-06-14,googleNews,0,0,0,
2026-06-14,image,1,1912,0.0005230125523012552,47.30700836820084
2026-06-14,news,0,0,0,0
2026-06-14,video,3,16,0.1875,2.375
2026-06-14,web,9783,95314,0.10263969616215876,6.913391526953019
2026-06-15,discover,0,0,0,
2026-06-15,googleNews,0,0,0,
2026-06-15,image,2,2142,0.0009337068160597573,48.23342670401494
2026-06-15,news,0,3,0,1.3333333333333333
2026-06-15,video,1,24,0.041666666666666664,2.375
2026-06-15,web,11145,112174,0.09935457414374098,6.804883484586446
2026-06-16,discover,0,0,0,
2026-06-16,googleNews,0,0,0,
2026-06-16,image,3,2962,0.001012829169480081,46.66475354490209
2026-06-16,news,0,15,0,2.333333333333333
2026-06-16,video,2,16,0.125,4.5
2026-06-16,web,12312,113405,0.1085666416824655,6.492315153652837
2026-06-17,discover,0,0,0,
2026-06-17,googleNews,0,0,0,
2026-06-17,image,2,2705,0.0007393715341959334,46.53641404805915
2026-06-17,news,0,35,0,4.457142857142857
2026-06-17,video,1,20,0.05,2
2026-06-17,web,11344,118715,0.09555658509876595,10.119007707534852
2026-06-18,discover,0,0,0,
2026-06-18,googleNews,0,0,0,
2026-06-18,image,6,2658,0.002257336343115124,47.20240782543266
2026-06-18,news,0,33,0,4.454545454545455
2026-06-18,video,0,9,0,4.333333333333334
2026-06-18,web,8811,93066,0.09467474695377474,7.062224657769755
2026-06-19,discover,0,0,0,
2026-06-19,googleNews,0,0,0,
2026-06-19,image,4,2998,0.00133422281521014,44.649099399599734
2026-06-19,news,0,8,0,4.375
2026-06-19,video,2,10,0.2,1.4
2026-06-19,web,6985,90545,0.07714396156607212,7.960196587332265
2026-06-20,discover,0,0,0,
2026-06-20,googleNews,0,0,0,
2026-06-20,image,2,3100,0.0006451612903225806,44.78612903225807
2026-06-20,news,0,5,0,1.8
2026-06-20,video,0,8,0,2.375
2026-06-20,web,10200,82219,0.12405891582237683,7.714980722217493
2026-06-21,discover,0,0,0,
2026-06-21,googleNews,0,0,0,
2026-06-21,image,5,3152,0.0015862944162436548,46.13991116751269
2026-06-21,news,0,6,0,1.3333333333333333
2026-06-21,video,0,9,0,4.888888888888889
2026-06-21,web,10506,86118,0.12199540165818992,8.259957267934695
2026-06-22,discover,0,0,0,
2026-06-22,googleNews,0,0,0,
2026-06-22,image,2,3742,0.0005344735435595938,44.027258150721536
2026-06-22,news,0,6,0,36.166666666666664
2026-06-22,video,2,11,0.18181818181818182,2.1818181818181817
2026-06-22,web,10756,99623,0.10796703572468205,7.831876173172862
2026-06-23,discover,0,0,0,
2026-06-23,googleNews,0,0,0,
2026-06-23,image,6,4594,0.00130605137135394,44.557683935568136
2026-06-23,news,0,3,0,1.3333333333333333
2026-06-23,video,0,18,0,1.4444444444444444
2026-06-23,web,11529,115095,0.10016942525739607,10.282610017811374
2026-06-24,discover,0,0,0,
2026-06-24,googleNews,0,0,0,
2026-06-24,image,2,4115,0.0004860267314702309,45.27946537059538
2026-06-24,news,0,7,0,6.571428571428571
2026-06-24,video,2,20,0.1,2.35
2026-06-24,web,13299,96178,0.1382748653538231,7.292832040591404
2026-06-25,discover,0,0,0,
2026-06-25,googleNews,0,0,0,
2026-06-25,image,9,4281,0.002102312543798178,44.98271431908432
2026-06-25,news,0,10,0,6.4
2026-06-25,video,1,18,0.05555555555555555,2.388888888888889
2026-06-25,web,16519,100143,0.16495411561467102,6.837262714318524
2026-06-26,discover,0,0,0,
2026-06-26,googleNews,0,0,0,
2026-06-26,image,4,4606,0.0008684324793747286,47.588797221016065
2026-06-26,news,0,9,0,2.666666666666667
2026-06-26,video,2,13,0.15384615384615385,1.4615384615384617
2026-06-26,web,16495,99188,0.1663003589143848,7.341714723555269
2026-06-27,discover,0,0,0,
2026-06-27,googleNews,0,0,0,
2026-06-27,image,2,5050,0.00039603960396039607,48.557821782178216
2026-06-27,news,0,50,0,8.86
2026-06-27,video,0,11,0,2
2026-06-27,web,12961,99144,0.13072904058742837,9.904068829177762
2026-06-28,discover,0,0,0,
2026-06-28,googleNews,0,0,0,
2026-06-28,image,2,5067,0.00039471087428458656,49.58772449180975
2026-06-28,news,0,30,0,4.066666666666666
2026-06-28,video,0,13,0,2.3846153846153846
2026-06-28,web,13928,100182,0.13902697091293845,8.022748597552454
2026-06-29,discover,0,4,0,
2026-06-29,googleNews,0,0,0,
2026-06-29,image,8,5451,0.001467620620069712,48.434599156118146
2026-06-29,news,0,10,0,4.7
2026-06-29,video,1,17,0.058823529411764705,1.2941176470588236
2026-06-29,web,15112,116752,0.12943675483075237,8.1428754967795
2026-06-30,discover,0,0,0,
2026-06-30,googleNews,0,0,0,
2026-06-30,image,6,6035,0.0009942004971002485,46.47108533554267
2026-06-30,news,0,6,0,3.8333333333333335
2026-06-30,video,2,18,0.1111111111111111,3.6666666666666665
2026-06-30,web,14224,120502,0.11803953461353339,7.180378748900433
2026-07-01,discover,0,0,0,
2026-07-01,googleNews,0,0,0,
2026-07-01,image,8,6144,0.0013020833333333333,46.8193359375
2026-07-01,news,0,6,0,2.333333333333333
2026-07-01,video,2,15,0.13333333333333333,4.2
2026-07-01,web,14255,130251,0.10944253786919102,7.996199645300228
2026-07-02,discover,0,0,0,
2026-07-02,googleNews,0,0,0,
2026-07-02,image,8,5301,0.0015091492171288435,50.52782493869081
2026-07-02,news,0,18,0,4.166666666666666
2026-07-02,video,0,15,0,1.3333333333333333
2026-07-02,web,13754,121349,0.11334250797287164,8.458693520342154
2026-07-03,discover,0,0,0,
2026-07-03,googleNews,0,0,0,
2026-07-03,image,4,5415,0.0007386888273314866,48.89843028624192
2026-07-03,news,0,17,0,5.235294117647059
2026-07-03,video,0,7,0,1
2026-07-03,web,12280,100155,0.12260995457041586,7.49832759223204
2026-07-04,discover,0,0,0,
2026-07-04,googleNews,0,0,0,
2026-07-04,image,7,4538,0.0015425297487880124,49.31776112825033
2026-07-04,news,0,2,0,1
2026-07-04,video,0,12,0,1
2026-07-04,web,10794,88623,0.12179682475203954,7.925527233336719
2026-07-05,discover,0,0,0,
2026-07-05,googleNews,0,0,0,
2026-07-05,image,4,4718,0.000847816871555744,49.50402713013989
2026-07-05,news,0,9,0,3.7777777777777777
2026-07-05,video,3,11,0.2727272727272727,1.6363636363636362
2026-07-05,web,11962,97920,0.1221609477124183,7.449315767973856
2026-07-06,discover,0,0,0,
2026-07-06,googleNews,0,0,0,
2026-07-06,image,4,5550,0.0007207207207207207,48.80468468468469
2026-07-06,news,0,4,0,1
2026-07-06,video,1,18,0.05555555555555555,3.9444444444444446
2026-07-06,web,15024,110975,0.1353818427573778,7.179166478936698
2026-07-07,discover,0,0,0,
2026-07-07,googleNews,0,0,0,
2026-07-07,image,5,5623,0.0008892050506846879,48.906277787657835
2026-07-07,news,0,6,0,1.8333333333333335
2026-07-07,video,2,14,0.14285714285714285,1
2026-07-07,web,15847,116584,0.13592774308652988,7.190163315720854
2026-07-08,discover,0,1,0,
2026-07-08,googleNews,0,0,0,
2026-07-08,image,2,7143,0.0002799944001119978,49.45177096458071
2026-07-08,news,0,3,0,2.333333333333333
2026-07-08,video,2,13,0.15384615384615385,1.4615384615384617
2026-07-08,web,15085,107793,0.13994415221767648,6.8583674264562635
2026-07-09,discover,0,0,0,
2026-07-09,googleNews,0,0,0,
2026-07-09,image,4,8091,0.0004943764676801385,49.913854900506735
2026-07-09,news,0,2,0,5
2026-07-09,video,0,11,0,2.5454545454545454
2026-07-09,web,15626,105743,0.14777337506974456,7.4658842665708365
2026-07-10,discover,0,0,0,
2026-07-10,googleNews,0,0,0,
2026-07-10,image,2,6004,0.00033311125916055963,50.8487674883411
2026-07-10,news,0,3,0,1
2026-07-10,video,1,13,0.07692307692307693,5.615384615384615
2026-07-10,web,12864,96974,0.1326541134737146,8.690710912203272
2026-07-11,discover,0,0,0,
2026-07-11,googleNews,0,0,0,
2026-07-11,image,1,4846,0.0002063557573256294,50.77424680148576
2026-07-11,news,0,2,0,8
2026-07-11,video,1,21,0.047619047619047616,2.2857142857142856
2026-07-11,web,10457,85129,0.12283710603907012,9.307909173137238
2026-07-12,discover,0,0,0,
2026-07-12,googleNews,0,0,0,
2026-07-12,image,8,4826,0.0016576875259013675,49.73912142561127
2026-07-12,news,0,4,0,41.25
2026-07-12,video,2,21,0.09523809523809523,1.8571428571428572
2026-07-12,web,12709,89094,0.14264709183558938,8.148753002446853
2026-07-13,discover,0,0,0,
2026-07-13,googleNews,0,0,0,
2026-07-13,image,8,5096,0.0015698587127158557,47.631083202511775
2026-07-13,news,0,1,0,3
2026-07-13,video,0,17,0,1.5882352941176472
2026-07-13,web,16140,95274,0.1694061338875244,7.3024854629804565
2026-07-14,discover,0,0,0,
2026-07-14,googleNews,0,0,0,
2026-07-14,image,5,4734,0.0010561892691170257,46.35276721588509
2026-07-14,news,0,1,0,4
2026-07-14,video,1,13,0.07692307692307693,1.6153846153846154
2026-07-14,web,9838,90756,0.10840054652034026,7.169972233240777
2026-07-15,discover,0,0,0,
2026-07-15,googleNews,0,0,0,
2026-07-15,image,3,4624,0.0006487889273356401,46.27681660899654
2026-07-15,news,0,0,0,0
2026-07-15,video,1,17,0.058823529411764705,1.1764705882352942
2026-07-15,web,9761,85301,0.11443007702137138,6.910270688503066
2026-07-16,discover,0,0,0,
2026-07-16,googleNews,0,0,0,
2026-07-16,image,6,4200,0.0014285714285714286,46.66119047619048
2026-07-16,news,0,4,0,4.75
2026-07-16,video,1,13,0.07692307692307693,1.0769230769230769
2026-07-16,web,8866,76643,0.11567918792322847,6.225043382957348
2026-07-17,discover,0,0,0,
2026-07-17,googleNews,0,0,0,
2026-07-17,image,1,3475,0.00028776978417266187,46.89410071942446
2026-07-17,news,0,2,0,6.5
2026-07-17,video,1,17,0.058823529411764705,1.7058823529411766
2026-07-17,web,7842,71912,0.1090499499388141,6.3139392590944485
2026-07-18,discover,0,0,0,
2026-07-18,googleNews,0,0,0,
2026-07-18,image,0,2926,0,48.05331510594669
2026-07-18,news,0,2,0,1
2026-07-18,video,0,4,0,3.25
2026-07-18,web,7047,68117,0.10345435060263958,6.815141594609275
2026-07-19,discover,0,0,0,
2026-07-19,googleNews,0,0,0,
2026-07-19,image,2,2663,0.0007510326699211416,47.20803604956816
2026-07-19,news,0,16,0,1.625
2026-07-19,video,2,13,0.15384615384615385,1.6153846153846154
2026-07-19,web,7277,65979,0.11029266887949196,6.665408690643993
2026-07-20,discover,0,0,0,
2026-07-20,googleNews,0,0,0,
2026-07-20,image,4,2989,0.0013382402141184342,46.7039143526263
2026-07-20,news,0,24,0,1.5833333333333335
2026-07-20,video,2,15,0.13333333333333333,1
2026-07-20,web,7929,78190,0.10140682951784116,6.156797544443023
2026-07-21,discover,0,4,0,
2026-07-21,googleNews,0,0,0,
2026-07-21,image,2,3021,0.0006620324395895399,48.78848063555114
2026-07-21,news,0,11,0,1
2026-07-21,video,2,21,0.09523809523809523,2.666666666666667
2026-07-21,web,8913,81017,0.110013947689991,5.87767999308787
2026-07-22,discover,0,0,0,
2026-07-22,googleNews,0,0,0,
2026-07-22,image,3,2886,0.0010395010395010396,46.79071379071379
2026-07-22,news,0,9,0,3.2222222222222223
2026-07-22,video,0,13,0,1.4615384615384617
2026-07-22,web,9016,82528,0.10924777045366421,6.387747188832881
2026-07-23,discover,0,0,0,
2026-07-23,googleNews,0,0,0,
2026-07-23,image,5,2616,0.00191131498470948,46.57454128440367
2026-07-23,news,0,1,0,1
2026-07-23,video,0,18,0,1.8333333333333335
2026-07-23,web,8675,80032,0.10839414234306277,6.359881047580967
2026-07-24,discover,0,0,0,
2026-07-24,googleNews,0,0,0,
2026-07-24,image,2,2325,0.0008602150537634409,46.616344086021506
2026-07-24,news,0,0,0,0
2026-07-24,video,1,9,0.1111111111111111,3.111111111111111
2026-07-24,web,7787,74578,0.10441417039877712,7.52861433666765
2026-07-25,discover,0,0,0,
2026-07-25,googleNews,0,0,0,
2026-07-25,image,2,2035,0.0009828009828009828,47.64275184275184
2026-07-25,news,0,2,0,1
2026-07-25,video,0,8,0,1
2026-07-25,web,7569,68794,0.11002413001133819,7.84760298863273
2026-07-26,discover,0,0,0,
2026-07-26,googleNews,0,0,0,
2026-07-26,image,5,2314,0.00216076058772688,47.6400172860847
2026-07-26,news,0,0,0,0
2026-07-26,video,1,4,0.25,2.25
2026-07-26,web,7939,76476,0.10381034572937915,7.568596683926984
2026-07-27,discover,0,0,0,
2026-07-27,googleNews,0,0,0,
2026-07-27,image,4,2878,0.001389854065323141,48.242182070882556
2026-07-27,news,0,8,0,10.5
2026-07-27,video,0,18,0,2.888888888888889
2026-07-27,web,9724,91655,0.10609350280944847,7.611106868146855
2026-07-28,discover,1,7,0.14285714285714285,
2026-07-28,googleNews,0,0,0,
2026-07-28,image,7,3140,0.0022292993630573248,47.843630573248404
2026-07-28,news,0,10,0,4.9
2026-07-28,video,0,18,0,2.7777777777777777
2026-07-28,web,12454,89616,0.13897071951437243,7.617200053561864
2026-07-29,discover,1,13,0.07692307692307693,
2026-07-29,googleNews,0,0,0,
2026-07-29,image,5,3413,0.001464986815118664,46.465865807207734
2026-07-29,news,0,6,0,2.666666666666667
2026-07-29,video,0,14,0,1.5714285714285714
2026-07-29,web,13528,88228,0.15333000861404542,7.662567438908283
2026-07-30,discover,0,4,0,
2026-07-30,googleNews,0,0,0,
2026-07-30,image,5,2398,0.002085070892410342,41.84278565471226
2026-07-30,news,0,67,0,13.119402985074627
2026-07-30,video,1,12,0.08333333333333333,1.4166666666666667
2026-07-30,web,10472,86271,0.12138493815998423,8.186180755989845
2026-07-31,discover,0,0,0,
2026-07-31,googleNews,0,0,0,
2026-07-31,image,4,2111,0.0018948365703458077,41.66887730933207
2026-07-31,news,0,9,0,5.555555555555555
2026-07-31,video,0,16,0,1.625
2026-07-31,web,9202,75571,0.12176628600918342,8.195895250823728
2026-08-01,discover,0,0,0,
2026-08-01,googleNews,0,0,0,
2026-08-01,image,4,2314,0.001728608470181504,48.42783059636992
2026-08-01,news,0,18,0,5
2026-08-01,video,0,2,0,1
2026-08-01,web,6933,69113,0.10031397855685616,8.904359527151186
2026-08-02,discover,0,0,0,
2026-08-02,googleNews,0,0,0,
2026-08-02,image,1,2409,0.00041511000415110004,46.78829389788294
2026-08-02,news,0,5,0,3.4
2026-08-02,video,0,13,0,3.3076923076923075
2026-08-02,web,7292,76568,0.09523560756451781,8.68714084212726
2026-08-03,discover,0,0,0,
2026-08-03,googleNews,0,0,0,
2026-08-03,image,4,2377,0.0016827934371055953,45.896508203618005
2026-08-03,news,0,12,0,1.5
2026-08-03,video,0,15,0,1.0666666666666667
2026-08-03,web,7997,87060,0.09185619113255226,7.829852974959798
2026-08-04,discover,0,0,0,
2026-08-04,googleNews,0,0,0,
2026-08-04,image,5,2895,0.0017271157167530224,45.49291882556131
2026-08-04,news,0,10,0,3
2026-08-04,video,0,19,0,2.526315789473684
2026-08-04,web,7934,85636,0.09264795179597365,7.206139941146247
2026-08-05,discover,0,1,0,
2026-08-05,googleNews,0,0,0,
2026-08-05,image,5,3172,0.0015762925598991173,42.37326607818411
2026-08-05,news,0,4,0,1
2026-08-05,video,1,15,0.06666666666666667,2
2026-08-05,web,8433,87510,0.09636612958519027,7.722705976459833
2026-08-06,discover,0,0,0,
2026-08-06,googleNews,0,0,0,
2026-08-06,image,1,3130,0.0003194888178913738,43.77827476038339
2026-08-06,news,0,7,0,10.142857142857142
2026-08-06,video,1,28,0.03571428571428571,1.5
2026-08-06,web,8265,86308,0.09576169068915975,7.876164434351392
2026-08-07,discover,0,0,0,
2026-08-07,googleNews,0,0,0,
2026-08-07,image,2,2534,0.0007892659826361484,44.536306235201266
2026-08-07,news,0,43,0,1
2026-08-07,video,2,11,0.18181818181818182,2
2026-08-07,web,8097,75682,0.10698713036124838,7.259070849079041
2026-08-08,discover,0,0,0,
2026-08-08,googleNews,0,0,0,
2026-08-08,image,0,3213,0,47.33737939620293
2026-08-08,news,0,16,0,1
2026-08-08,video,0,9,0,2.333333333333333
2026-08-08,web,8088,72453,0.11163098836487102,7.159123845803486
2026-08-09,discover,0,0,0,
2026-08-09,googleNews,0,0,0,
2026-08-09,image,1,2154,0.00046425255338904364,43.71077065923863
2026-08-09,news,0,39,0,1.4102564102564101
2026-08-09,video,2,22,0.09090909090909091,1.1363636363636362
2026-08-09,web,9756,85404,0.11423352536180975,8.043440588262845
2026-08-10,discover,0,0,0,
2026-08-10,googleNews,0,0,0,
2026-08-10,image,2,2480,0.0008064516129032258,44.49354838709677
2026-08-10,news,0,70,0,1
2026-08-10,video,2,23,0.08695652173913043,2.0869565217391304
2026-08-10,web,10140,97919,0.1035549791153913,7.772934772618185
2026-08-11,discover,0,0,0,
2026-08-11,googleNews,0,0,0,
2026-08-11,image,2,2397,0.0008343763037129745,45.67334167709637
2026-08-11,news,0,47,0,1.5106382978723403
2026-08-11,video,0,9,0,4.222222222222222
2026-08-11,web,10209,92430,0.11045115222330412,7.734858812074002
2026-08-12,discover,0,0,0,
2026-08-12,googleNews,0,0,0,
2026-08-12,image,3,2638,0.0011372251705837756,45.809325246398785
2026-08-12,news,0,54,0,1.4074074074074074
2026-08-12,video,1,20,0.05,1.7
2026-08-12,web,10024,92738,0.10808945631779852,8.710679548836506
2026-08-13,discover,0,0,0,
2026-08-13,googleNews,0,0,0,
2026-08-13,image,5,2390,0.0020920502092050207,44.04016736401674
2026-08-13,news,0,56,0,1.2678571428571428
2026-08-13,video,0,12,0,1.25
2026-08-13,web,9965,86105,0.11573079379826956,8.543708263167064
2026-08-14,discover,0,0,0,
2026-08-14,googleNews,0,0,0,
2026-08-14,image,1,1945,0.0005141388174807198,43.64473007712082
2026-08-14,news,0,47,0,1.1914893617021276
2026-08-14,video,0,16,0,1.3125
2026-08-14,web,9225,75537,0.12212558084117717,8.129327349510834
2026-08-15,discover,0,0,0,
2026-08-15,googleNews,0,0,0,
2026-08-15,image,0,1849,0,43.44240129799892
2026-08-15,news,0,61,0,1.098360655737705
2026-08-15,video,0,15,0,2.466666666666667
2026-08-15,web,8262,67897,0.12168431594915828,8.602913236225458
2026-08-16,discover,0,0,0,
2026-08-16,googleNews,0,0,0,
2026-08-16,image,5,1936,0.0025826446280991736,44.65237603305785
2026-08-16,news,0,28,0,1
2026-08-16,video,1,20,0.05,2.25
2026-08-16,web,10705,76172,0.14053720527227853,9.0009321010345
2026-08-17,discover,0,0,0,
2026-08-17,googleNews,0,0,0,
2026-08-17,image,1,3376,0.0002962085308056872,46.244372037914694
2026-08-17,news,0,37,0,1
2026-08-17,video,0,17,0,1.8823529411764706
2026-08-17,web,14104,87409,0.16135638206591998,8.20107769222849
2026-08-18,discover,0,0,0,
2026-08-18,googleNews,0,0,0,
2026-08-18,image,2,3045,0.0006568144499178982,46.008866995073895
2026-08-18,news,0,54,0,1.0185185185185186
2026-08-18,video,1,15,0.06666666666666667,1.5333333333333332
2026-08-18,web,19747,88179,0.22394220846233232,7.819923110944782
2026-08-19,discover,0,0,0,
2026-08-19,googleNews,0,0,0,
2026-08-19,image,3,2220,0.0013513513513513514,43.97207207207207
2026-08-19,news,0,54,0,1.1851851851851851
2026-08-19,video,0,20,0,2
2026-08-19,web,19785,83726,0.23630652366051166,8.014786326827988
2026-08-20,discover,0,0,0,
2026-08-20,googleNews,0,0,0,
2026-08-20,image,3,2082,0.001440922190201729,44.79731027857829
2026-08-20,news,0,55,0,1
2026-08-20,video,0,15,0,2.1333333333333333
2026-08-20,web,14133,79882,0.17692346210660725,8.17636013119351
2026-08-21,discover,0,0,0,
2026-08-21,googleNews,0,0,0,
2026-08-21,image,0,2171,0,44.23952095808383
2026-08-21,news,0,71,0,1.1830985915492958
2026-08-21,video,1,18,0.05555555555555555,1
2026-08-21,web,10804,69444,0.1555785957030125,8.750403202580497
2026-08-22,discover,0,0,0,
2026-08-22,googleNews,0,0,0,
2026-08-22,image,1,1715,0.0005830903790087463,43.72944606413994
2026-08-22,news,0,37,0,1
2026-08-22,video,1,13,0.07692307692307693,2.230769230769231
2026-08-22,web,9862,61782,0.15962578097180408,9.372729921336312
2026-08-23,discover,0,0,0,
2026-08-23,googleNews,0,0,0,
2026-08-23,image,1,1961,0.0005099439061703213,45.61958184599694
2026-08-23,news,0,81,0,1.1851851851851851
2026-08-23,video,0,25,0,2.4
2026-08-23,web,11919,67758,0.17590542814132648,8.471412969686236
2026-08-24,discover,0,0,0,
2026-08-24,googleNews,0,0,0,
2026-08-24,image,7,2222,0.0031503150315031502,43.554005400540056
2026-08-24,news,0,34,0,1.3529411764705883
2026-08-24,video,0,12,0,2
2026-08-24,web,14467,78679,0.18387371471421854,7.919851548697873
2026-08-25,discover,0,0,0,
2026-08-25,googleNews,0,0,0,
2026-08-25,image,1,2145,0.0004662004662004662,46.116083916083916
2026-08-25,news,0,71,0,1.084507042253521
2026-08-25,video,1,11,0.09090909090909091,3.4545454545454546
2026-08-25,web,14198,80943,0.17540738544407794,8.984248174641415
2026-08-26,discover,0,0,0,
2026-08-26,googleNews,0,0,0,
2026-08-26,image,3,2125,0.001411764705882353,45.24847058823529
2026-08-26,news,0,39,0,1
2026-08-26,video,0,11,0,3
2026-08-26,web,14192,80436,0.1764384106618927,8.510679297826844
2026-08-27,discover,0,0,0,
2026-08-27,googleNews,0,0,0,
2026-08-27,image,4,2007,0.001993024414549078,43.92127553562531
2026-08-27,news,0,49,0,1.0816326530612246
2026-08-27,video,0,12,0,2.416666666666667
2026-08-27,web,13776,78234,0.17608712324564768,8.53342536493085
2026-08-28,discover,0,0,0,
2026-08-28,googleNews,0,0,0,
2026-08-28,image,4,1832,0.002183406113537118,42.51910480349345
2026-08-28,news,0,76,0,1.2236842105263157
2026-08-28,video,1,15,0.06666666666666667,2.2
2026-08-28,web,11332,68902,0.16446547270035702,8.812211546834636
2026-08-29,discover,0,0,0,
2026-08-29,googleNews,0,0,0,
2026-08-29,image,2,1696,0.0011792452830188679,42.15742924528302
2026-08-29,news,0,79,0,1
2026-08-29,video,1,9,0.1111111111111111,2
2026-08-29,web,9825,63714,0.1542047273754591,10.775135762940641
2026-08-30,discover,0,0,0,
2026-08-30,googleNews,0,0,0,
2026-08-30,image,2,1839,0.001087547580206634,41.568243610657966
2026-08-30,news,0,91,0,1.098901098901099
2026-08-30,video,3,29,0.10344827586206896,2.2758620689655173
2026-08-30,web,11809,70447,0.16762956548894914,10.112268797819638
2026-08-31,discover,0,0,0,
2026-08-31,googleNews,0,0,0,
2026-08-31,image,4,3569,0.0011207621182404036,44.24124404595125
2026-08-31,news,0,59,0,1
2026-08-31,video,0,17,0,4.588235294117647
2026-08-31,web,13690,82213,0.16651867709486334,8.076605889579508
