review_lane,review_score,review_status,decision,bucket,target_type,language,slug,title,management_status,seo_noindex,draft_status,path,preflight_command,notes
P0 composite experiment,118,preflight-ok-cta-fixed,ready-for-human-review-noindex-still-draft,composite-v2,tool,en,draft-ai-logo-maker-t1,AI Logo Maker Tool | Lovart,synced-noindex-experiment,true,local-only,1-3 Content Gen/Page Gen/Pages/drafts/composite-v2/Tools/en/draft-ai-logo-maker-t1-en.json,"cd ""1-4 Geo Dev/lovart.sanity.studio"" && node scripts/preflight-content.js --file ""../../1-3 Content Gen/Page Gen/Pages/drafts/composite-v2/Tools/en/draft-ai-logo-maker-t1-en.json"" --composite-v2 --include-drafts","CTA href /signup added; preflight include-drafts: BLOCK 0, WARN SEO_NOINDEX only"
P0 composite experiment,118,preflight-ok-cta-fixed,ready-for-human-review-noindex-still-draft,composite-v2,tool,en,draft-ai-logo-maker-t2,AI Logo Maker Tool | Lovart,synced-noindex-experiment,true,local-only,1-3 Content Gen/Page Gen/Pages/drafts/composite-v2/Tools/en/draft-ai-logo-maker-t2-en.json,"cd ""1-4 Geo Dev/lovart.sanity.studio"" && node scripts/preflight-content.js --file ""../../1-3 Content Gen/Page Gen/Pages/drafts/composite-v2/Tools/en/draft-ai-logo-maker-t2-en.json"" --composite-v2 --include-drafts","CTA href /signup added; preflight include-drafts: BLOCK 0, WARN SEO_NOINDEX only"
P0 composite experiment,118,preflight-ok-cta-fixed,ready-for-human-review-noindex-still-draft,composite-v2,tool,en,draft-ai-logo-maker-t4,AI Logo Maker Tool | Lovart,synced-noindex-experiment,true,local-only,1-3 Content Gen/Page Gen/Pages/drafts/composite-v2/Tools/en/draft-ai-logo-maker-t4-en.json,"cd ""1-4 Geo Dev/lovart.sanity.studio"" && node scripts/preflight-content.js --file ""../../1-3 Content Gen/Page Gen/Pages/drafts/composite-v2/Tools/en/draft-ai-logo-maker-t4-en.json"" --composite-v2 --include-drafts","CTA href /signup added; preflight include-drafts: BLOCK 0, WARN SEO_NOINDEX only"
P0 composite experiment,118,preflight-ok-cta-fixed,ready-for-human-review-noindex-still-draft,composite-v2,tool,en,draft-ai-sales-deck-ppt-generator-n5,AI Sales Deck Tool | Lovart,synced-noindex-experiment,true,local-only,1-3 Content Gen/Page Gen/Pages/drafts/composite-v2/Tools/en/draft-ai-sales-deck-ppt-generator-n5-en.json,"cd ""1-4 Geo Dev/lovart.sanity.studio"" && node scripts/preflight-content.js --file ""../../1-3 Content Gen/Page Gen/Pages/drafts/composite-v2/Tools/en/draft-ai-sales-deck-ppt-generator-n5-en.json"" --composite-v2 --include-drafts","CTA href /signup added; preflight include-drafts: BLOCK 0, WARN SEO_NOINDEX only"
P0 composite experiment,118,preflight-ok-cta-fixed,ready-for-human-review-noindex-still-draft,composite-v2,tool,en,draft-ai-sales-deck-ppt-generator-t1,AI Sales Deck PPT Generator Tool | Lovart,synced-noindex-experiment,true,local-only,1-3 Content Gen/Page Gen/Pages/drafts/composite-v2/Tools/en/draft-ai-sales-deck-ppt-generator-t1-en.json,"cd ""1-4 Geo Dev/lovart.sanity.studio"" && node scripts/preflight-content.js --file ""../../1-3 Content Gen/Page Gen/Pages/drafts/composite-v2/Tools/en/draft-ai-sales-deck-ppt-generator-t1-en.json"" --composite-v2 --include-drafts","CTA href /signup added; preflight include-drafts: BLOCK 0, WARN SEO_NOINDEX only"
P0 composite experiment,118,preflight-ok-cta-fixed,ready-for-human-review-noindex-still-draft,composite-v2,tool,en,draft-ai-sales-deck-ppt-generator-t2,AI Sales Deck Tool | Lovart,synced-noindex-experiment,true,local-only,1-3 Content Gen/Page Gen/Pages/drafts/composite-v2/Tools/en/draft-ai-sales-deck-ppt-generator-t2-en.json,"cd ""1-4 Geo Dev/lovart.sanity.studio"" && node scripts/preflight-content.js --file ""../../1-3 Content Gen/Page Gen/Pages/drafts/composite-v2/Tools/en/draft-ai-sales-deck-ppt-generator-t2-en.json"" --composite-v2 --include-drafts","CTA href /signup added; preflight include-drafts: BLOCK 0, WARN SEO_NOINDEX only"
P0 composite experiment,117,preflight-ok-cta-fixed,ready-for-human-review-noindex-still-draft,composite-v2,feature,en,draft-ai-logo-maker-f1,AI Logo Maker | Lovart,synced-noindex-experiment,true,local-only,1-3 Content Gen/Page Gen/Pages/drafts/composite-v2/Features/en/draft-ai-logo-maker-f1-en.json,"cd ""1-4 Geo Dev/lovart.sanity.studio"" && node scripts/preflight-content.js --file ""../../1-3 Content Gen/Page Gen/Pages/drafts/composite-v2/Features/en/draft-ai-logo-maker-f1-en.json"" --composite-v2 --include-drafts","CTA href /signup added; Touch Edit casing fixed where needed; preflight include-drafts: BLOCK 0, WARN SEO_NOINDEX only"
P0 composite experiment,117,preflight-ok-cta-fixed,ready-for-human-review-noindex-still-draft,composite-v2,feature,en,draft-ai-logo-maker-f2,AI Logo Maker | Lovart,synced-noindex-experiment,true,local-only,1-3 Content Gen/Page Gen/Pages/drafts/composite-v2/Features/en/draft-ai-logo-maker-f2-en.json,"cd ""1-4 Geo Dev/lovart.sanity.studio"" && node scripts/preflight-content.js --file ""../../1-3 Content Gen/Page Gen/Pages/drafts/composite-v2/Features/en/draft-ai-logo-maker-f2-en.json"" --composite-v2 --include-drafts","CTA href /signup added; Touch Edit casing fixed where needed; preflight include-drafts: BLOCK 0, WARN SEO_NOINDEX only"
P0 composite experiment,117,preflight-ok-cta-fixed,ready-for-human-review-noindex-still-draft,composite-v2,feature,en,draft-ai-logo-maker-f4,AI Logo Maker | Lovart,synced-noindex-experiment,true,local-only,1-3 Content Gen/Page Gen/Pages/drafts/composite-v2/Features/en/draft-ai-logo-maker-f4-en.json,"cd ""1-4 Geo Dev/lovart.sanity.studio"" && node scripts/preflight-content.js --file ""../../1-3 Content Gen/Page Gen/Pages/drafts/composite-v2/Features/en/draft-ai-logo-maker-f4-en.json"" --composite-v2 --include-drafts","CTA href /signup added; Touch Edit casing fixed where needed; preflight include-drafts: BLOCK 0, WARN SEO_NOINDEX only"
P0 composite experiment,117,preflight-ok-cta-fixed,ready-for-human-review-noindex-still-draft,composite-v2,feature,en,draft-ai-logo-maker-f5,AI Logo Maker | Lovart,synced-noindex-experiment,true,local-only,1-3 Content Gen/Page Gen/Pages/drafts/composite-v2/Features/en/draft-ai-logo-maker-f5-en.json,"cd ""1-4 Geo Dev/lovart.sanity.studio"" && node scripts/preflight-content.js --file ""../../1-3 Content Gen/Page Gen/Pages/drafts/composite-v2/Features/en/draft-ai-logo-maker-f5-en.json"" --composite-v2 --include-drafts","CTA href /signup added; Touch Edit casing fixed where needed; preflight include-drafts: BLOCK 0, WARN SEO_NOINDEX only"
P0 composite experiment,117,preflight-ok-cta-fixed,ready-for-human-review-noindex-still-draft,composite-v2,feature,en,draft-ai-logo-maker-f6,AI Logo Maker | Lovart,synced-noindex-experiment,true,local-only,1-3 Content Gen/Page Gen/Pages/drafts/composite-v2/Features/en/draft-ai-logo-maker-f6-en.json,"cd ""1-4 Geo Dev/lovart.sanity.studio"" && node scripts/preflight-content.js --file ""../../1-3 Content Gen/Page Gen/Pages/drafts/composite-v2/Features/en/draft-ai-logo-maker-f6-en.json"" --composite-v2 --include-drafts","CTA href /signup added; Touch Edit casing fixed where needed; preflight include-drafts: BLOCK 0, WARN SEO_NOINDEX only"
P0 composite experiment,117,preflight-ok-cta-fixed,ready-for-human-review-noindex-still-draft,composite-v2,feature,en,draft-ai-sales-deck-ppt-generator-f1,AI Sales Deck PPT Generator | Lovart,synced-noindex-experiment,true,local-only,1-3 Content Gen/Page Gen/Pages/drafts/composite-v2/Features/en/draft-ai-sales-deck-ppt-generator-f1-en.json,"cd ""1-4 Geo Dev/lovart.sanity.studio"" && node scripts/preflight-content.js --file ""../../1-3 Content Gen/Page Gen/Pages/drafts/composite-v2/Features/en/draft-ai-sales-deck-ppt-generator-f1-en.json"" --composite-v2 --include-drafts","CTA href /signup added; Touch Edit casing fixed where needed; preflight include-drafts: BLOCK 0, WARN SEO_NOINDEX only"
P0 composite experiment,117,preflight-ok-cta-fixed,ready-for-human-review-noindex-still-draft,composite-v2,feature,en,draft-ai-sales-deck-ppt-generator-f2,AI Sales Deck | Lovart,synced-noindex-experiment,true,local-only,1-3 Content Gen/Page Gen/Pages/drafts/composite-v2/Features/en/draft-ai-sales-deck-ppt-generator-f2-en.json,"cd ""1-4 Geo Dev/lovart.sanity.studio"" && node scripts/preflight-content.js --file ""../../1-3 Content Gen/Page Gen/Pages/drafts/composite-v2/Features/en/draft-ai-sales-deck-ppt-generator-f2-en.json"" --composite-v2 --include-drafts","CTA href /signup added; Touch Edit casing fixed where needed; preflight include-drafts: BLOCK 0, WARN SEO_NOINDEX only"
P0 composite experiment,117,preflight-ok-cta-fixed,ready-for-human-review-noindex-still-draft,composite-v2,feature,en,draft-ai-sales-deck-ppt-generator-f7,AI Sales Deck | Lovart,synced-noindex-experiment,true,local-only,1-3 Content Gen/Page Gen/Pages/drafts/composite-v2/Features/en/draft-ai-sales-deck-ppt-generator-f7-en.json,"cd ""1-4 Geo Dev/lovart.sanity.studio"" && node scripts/preflight-content.js --file ""../../1-3 Content Gen/Page Gen/Pages/drafts/composite-v2/Features/en/draft-ai-sales-deck-ppt-generator-f7-en.json"" --composite-v2 --include-drafts","CTA href /signup added; Touch Edit casing fixed where needed; preflight include-drafts: BLOCK 0, WARN SEO_NOINDEX only"
P0 composite experiment,117,preflight-ok-cta-fixed,ready-for-human-review-noindex-still-draft,composite-v2,feature,en,draft-ai-sales-deck-ppt-generator-s1,AI Sales Deck | Lovart,synced-noindex-experiment,true,local-only,1-3 Content Gen/Page Gen/Pages/drafts/composite-v2/Features/en/draft-ai-sales-deck-ppt-generator-s1-en.json,"cd ""1-4 Geo Dev/lovart.sanity.studio"" && node scripts/preflight-content.js --file ""../../1-3 Content Gen/Page Gen/Pages/drafts/composite-v2/Features/en/draft-ai-sales-deck-ppt-generator-s1-en.json"" --composite-v2 --include-drafts","CTA href /signup added; Touch Edit casing fixed where needed; preflight include-drafts: BLOCK 0, WARN SEO_NOINDEX only"
P0 feature storyline,115,preflight-ok-cta-fixed,ready-for-human-review-noindex-still-draft,features-storyline,feature,en,draft-ai-logo-maker-features-grid-bento6,AI Logo Maker — Features grid: bento-6 | Lovart,local-only-draft,true,local-only,1-3 Content Gen/Page Gen/Pages/drafts/features-storyline/Features/en/draft-ai-logo-maker-features-grid-bento6-en.json,"cd ""1-4 Geo Dev/lovart.sanity.studio"" && node scripts/preflight-content.js --file ""../../1-3 Content Gen/Page Gen/Pages/drafts/features-storyline/Features/en/draft-ai-logo-maker-features-grid-bento6-en.json"" --composite-v2 --include-drafts","CTA href /signup added across primary CTA targets; Touch Edit casing fixed where needed; preflight include-drafts: BLOCK 0, WARN SEO_NOINDEX only"
P0 feature storyline,115,preflight-ok-cta-fixed,ready-for-human-review-noindex-still-draft,features-storyline,feature,en,draft-ai-logo-maker-features-grid-feature,AI Logo Maker — Features grid: feature-grid | Lovart,local-only-draft,true,local-only,1-3 Content Gen/Page Gen/Pages/drafts/features-storyline/Features/en/draft-ai-logo-maker-features-grid-feature-en.json,"cd ""1-4 Geo Dev/lovart.sanity.studio"" && node scripts/preflight-content.js --file ""../../1-3 Content Gen/Page Gen/Pages/drafts/features-storyline/Features/en/draft-ai-logo-maker-features-grid-feature-en.json"" --composite-v2 --include-drafts","CTA href /signup added across primary CTA targets; Touch Edit casing fixed where needed; preflight include-drafts: BLOCK 0, WARN SEO_NOINDEX only"
P0 feature storyline,115,preflight-ok-cta-fixed,ready-for-human-review-noindex-still-draft,features-storyline,feature,en,draft-ai-logo-maker-features-main,AI Logo Maker — Features baseline (13 sections) | Lovart,local-only-draft,true,local-only,1-3 Content Gen/Page Gen/Pages/drafts/features-storyline/Features/en/draft-ai-logo-maker-features-main-en.json,"cd ""1-4 Geo Dev/lovart.sanity.studio"" && node scripts/preflight-content.js --file ""../../1-3 Content Gen/Page Gen/Pages/drafts/features-storyline/Features/en/draft-ai-logo-maker-features-main-en.json"" --composite-v2 --include-drafts","CTA href /signup added across primary CTA targets; Touch Edit casing fixed where needed; preflight include-drafts: BLOCK 0, WARN SEO_NOINDEX only"
P0 feature storyline,115,preflight-ok-cta-fixed,ready-for-human-review-noindex-still-draft,features-storyline,feature,en,draft-ai-logo-maker-features-tab-b,AI Logo Maker — Features Tab layout B | Lovart,local-only-draft,true,local-only,1-3 Content Gen/Page Gen/Pages/drafts/features-storyline/Features/en/draft-ai-logo-maker-features-tab-b-en.json,"cd ""1-4 Geo Dev/lovart.sanity.studio"" && node scripts/preflight-content.js --file ""../../1-3 Content Gen/Page Gen/Pages/drafts/features-storyline/Features/en/draft-ai-logo-maker-features-tab-b-en.json"" --composite-v2 --include-drafts","CTA href /signup added across primary CTA targets; Touch Edit casing fixed where needed; preflight include-drafts: BLOCK 0, WARN SEO_NOINDEX only"
P0 feature storyline,115,preflight-ok-cta-fixed,ready-for-human-review-noindex-still-draft,features-storyline,feature,en,draft-ai-sales-deck-ppt-generator-features-grid-bento6,AI Sales Deck PPT Generator — Features grid: bento-6 | Lovart,local-only-draft,true,local-only,1-3 Content Gen/Page Gen/Pages/drafts/features-storyline/Features/en/draft-ai-sales-deck-ppt-generator-features-grid-bento6-en.json,"cd ""1-4 Geo Dev/lovart.sanity.studio"" && node scripts/preflight-content.js --file ""../../1-3 Content Gen/Page Gen/Pages/drafts/features-storyline/Features/en/draft-ai-sales-deck-ppt-generator-features-grid-bento6-en.json"" --composite-v2 --include-drafts","CTA href /signup added across primary CTA targets; Touch Edit casing fixed where needed; preflight include-drafts: BLOCK 0, WARN SEO_NOINDEX only"
P0 feature storyline,115,preflight-ok-cta-fixed,ready-for-human-review-noindex-still-draft,features-storyline,feature,en,draft-ai-sales-deck-ppt-generator-features-grid-feature,AI Sales Deck PPT Generator — Features grid: feature-grid | Lovart,local-only-draft,true,local-only,1-3 Content Gen/Page Gen/Pages/drafts/features-storyline/Features/en/draft-ai-sales-deck-ppt-generator-features-grid-feature-en.json,"cd ""1-4 Geo Dev/lovart.sanity.studio"" && node scripts/preflight-content.js --file ""../../1-3 Content Gen/Page Gen/Pages/drafts/features-storyline/Features/en/draft-ai-sales-deck-ppt-generator-features-grid-feature-en.json"" --composite-v2 --include-drafts","CTA href /signup added across primary CTA targets; Touch Edit casing fixed where needed; preflight include-drafts: BLOCK 0, WARN SEO_NOINDEX only"
P0 feature storyline,115,preflight-ok-cta-fixed,ready-for-human-review-noindex-still-draft,features-storyline,feature,en,draft-ai-sales-deck-ppt-generator-features-main,AI Sales Deck PPT Generator — Features baseline (13 sections) | Lovart,local-only-draft,true,local-only,1-3 Content Gen/Page Gen/Pages/drafts/features-storyline/Features/en/draft-ai-sales-deck-ppt-generator-features-main-en.json,"cd ""1-4 Geo Dev/lovart.sanity.studio"" && node scripts/preflight-content.js --file ""../../1-3 Content Gen/Page Gen/Pages/drafts/features-storyline/Features/en/draft-ai-sales-deck-ppt-generator-features-main-en.json"" --composite-v2 --include-drafts","CTA href /signup added across primary CTA targets; Touch Edit casing fixed where needed; preflight include-drafts: BLOCK 0, WARN SEO_NOINDEX only"
P0 feature storyline,115,preflight-ok-cta-fixed,ready-for-human-review-noindex-still-draft,features-storyline,feature,en,draft-ai-sales-deck-ppt-generator-features-tab-b,AI Sales Deck PPT Generator — Features Tab layout B | Lovart,local-only-draft,true,local-only,1-3 Content Gen/Page Gen/Pages/drafts/features-storyline/Features/en/draft-ai-sales-deck-ppt-generator-features-tab-b-en.json,"cd ""1-4 Geo Dev/lovart.sanity.studio"" && node scripts/preflight-content.js --file ""../../1-3 Content Gen/Page Gen/Pages/drafts/features-storyline/Features/en/draft-ai-sales-deck-ppt-generator-features-tab-b-en.json"" --composite-v2 --include-drafts","CTA href /signup added across primary CTA targets; Touch Edit casing fixed where needed; preflight include-drafts: BLOCK 0, WARN SEO_NOINDEX only"
P1 landing storyline,106,preflight-ok-cta-fixed,ready-for-human-review-noindex-still-draft,landing-storyline,topic,en,draft-lovart-creative-studio-landing-B,Lovart Creative Studio — Landing Page demo (landing-B),local-only-draft,true,local-only,1-3 Content Gen/Page Gen/Pages/drafts/landing-storyline/Landing/en/draft-lovart-creative-studio-landing-B-en.json,"cd ""1-4 Geo Dev/lovart.sanity.studio"" && node scripts/preflight-content.js --file ""../../1-3 Content Gen/Page Gen/Pages/drafts/landing-storyline/Landing/en/draft-lovart-creative-studio-landing-B-en.json"" --composite-v2 --include-drafts","Primary CTA href /signup added; preflight include-drafts: BLOCK 0, WARN META_CATEGORY and SEO_NOINDEX only"
P1 landing storyline,106,preflight-ok-cta-fixed,ready-for-human-review-noindex-still-draft,landing-storyline,topic,en,draft-lovart-shopify-growth-landing-A,Lovart for Shopify Growth — Landing Page demo (landing-A),local-only-draft,true,local-only,1-3 Content Gen/Page Gen/Pages/drafts/landing-storyline/Landing/en/draft-lovart-shopify-growth-landing-A-en.json,"cd ""1-4 Geo Dev/lovart.sanity.studio"" && node scripts/preflight-content.js --file ""../../1-3 Content Gen/Page Gen/Pages/drafts/landing-storyline/Landing/en/draft-lovart-shopify-growth-landing-A-en.json"" --composite-v2 --include-drafts","Primary CTA href /signup added; preflight include-drafts: BLOCK 0, WARN META_CATEGORY and SEO_NOINDEX only"
P2 scenario storyline,104,not-reviewed,pending-human-review,scenarios-storyline,scenario,en,draft-brand-manager-scenarios-a,AI Design for Brand Managers — 基准（Tab A） | Lovart,local-only-draft,true,local-only,1-3 Content Gen/Page Gen/Pages/drafts/scenarios-storyline/Scenarios/en/draft-brand-manager-scenarios-a-en.json,"cd ""1-4 Geo Dev/lovart.sanity.studio"" && node scripts/preflight-content.js --file ""../../1-3 Content Gen/Page Gen/Pages/drafts/scenarios-storyline/Scenarios/en/draft-brand-manager-scenarios-a-en.json"" --composite-v2 --include-drafts",
P2 scenario storyline,104,not-reviewed,pending-human-review,scenarios-storyline,scenario,en,draft-brand-manager-scenarios-b,AI Design for Brand Managers — Tab 布局 B | Lovart,local-only-draft,true,local-only,1-3 Content Gen/Page Gen/Pages/drafts/scenarios-storyline/Scenarios/en/draft-brand-manager-scenarios-b-en.json,"cd ""1-4 Geo Dev/lovart.sanity.studio"" && node scripts/preflight-content.js --file ""../../1-3 Content Gen/Page Gen/Pages/drafts/scenarios-storyline/Scenarios/en/draft-brand-manager-scenarios-b-en.json"" --composite-v2 --include-drafts",
P2 scenario storyline,104,not-reviewed,pending-human-review,scenarios-storyline,scenario,en,draft-brand-manager-scenarios-before-after,AI Design for Brand Managers — 前后对比 | Lovart,local-only-draft,true,local-only,1-3 Content Gen/Page Gen/Pages/drafts/scenarios-storyline/Scenarios/en/draft-brand-manager-scenarios-before-after-en.json,"cd ""1-4 Geo Dev/lovart.sanity.studio"" && node scripts/preflight-content.js --file ""../../1-3 Content Gen/Page Gen/Pages/drafts/scenarios-storyline/Scenarios/en/draft-brand-manager-scenarios-before-after-en.json"" --composite-v2 --include-drafts",
P2 scenario storyline,104,not-reviewed,pending-human-review,scenarios-storyline,scenario,en,draft-brand-manager-scenarios-bento2,AI Design for Brand Managers — 双成果聚焦 | Lovart,local-only-draft,true,local-only,1-3 Content Gen/Page Gen/Pages/drafts/scenarios-storyline/Scenarios/en/draft-brand-manager-scenarios-bento2-en.json,"cd ""1-4 Geo Dev/lovart.sanity.studio"" && node scripts/preflight-content.js --file ""../../1-3 Content Gen/Page Gen/Pages/drafts/scenarios-storyline/Scenarios/en/draft-brand-manager-scenarios-bento2-en.json"" --composite-v2 --include-drafts",
P2 scenario storyline,104,not-reviewed,pending-human-review,scenarios-storyline,scenario,en,draft-brand-manager-scenarios-bento6,AI Design for Brand Managers — 六格能力图 | Lovart,local-only-draft,true,local-only,1-3 Content Gen/Page Gen/Pages/drafts/scenarios-storyline/Scenarios/en/draft-brand-manager-scenarios-bento6-en.json,"cd ""1-4 Geo Dev/lovart.sanity.studio"" && node scripts/preflight-content.js --file ""../../1-3 Content Gen/Page Gen/Pages/drafts/scenarios-storyline/Scenarios/en/draft-brand-manager-scenarios-bento6-en.json"" --composite-v2 --include-drafts",
P2 scenario storyline,104,not-reviewed,pending-human-review,scenarios-storyline,scenario,en,draft-brand-manager-scenarios-blog,AI Design for Brand Managers — 内容案例库 | Lovart,local-only-draft,true,local-only,1-3 Content Gen/Page Gen/Pages/drafts/scenarios-storyline/Scenarios/en/draft-brand-manager-scenarios-blog-en.json,"cd ""1-4 Geo Dev/lovart.sanity.studio"" && node scripts/preflight-content.js --file ""../../1-3 Content Gen/Page Gen/Pages/drafts/scenarios-storyline/Scenarios/en/draft-brand-manager-scenarios-blog-en.json"" --composite-v2 --include-drafts",
P2 scenario storyline,104,not-reviewed,pending-human-review,scenarios-storyline,scenario,en,draft-brand-manager-scenarios-cinematic,AI Design for Brand Managers — 影院首屏 | Lovart,local-only-draft,true,local-only,1-3 Content Gen/Page Gen/Pages/drafts/scenarios-storyline/Scenarios/en/draft-brand-manager-scenarios-cinematic-en.json,"cd ""1-4 Geo Dev/lovart.sanity.studio"" && node scripts/preflight-content.js --file ""../../1-3 Content Gen/Page Gen/Pages/drafts/scenarios-storyline/Scenarios/en/draft-brand-manager-scenarios-cinematic-en.json"" --composite-v2 --include-drafts",
P2 scenario storyline,104,not-reviewed,pending-human-review,scenarios-storyline,scenario,en,draft-brand-manager-scenarios-journey,AI Design for Brand Managers — 旅程首屏 | Lovart,local-only-draft,true,local-only,1-3 Content Gen/Page Gen/Pages/drafts/scenarios-storyline/Scenarios/en/draft-brand-manager-scenarios-journey-en.json,"cd ""1-4 Geo Dev/lovart.sanity.studio"" && node scripts/preflight-content.js --file ""../../1-3 Content Gen/Page Gen/Pages/drafts/scenarios-storyline/Scenarios/en/draft-brand-manager-scenarios-journey-en.json"" --composite-v2 --include-drafts",
P2 scenario storyline,104,not-reviewed,pending-human-review,scenarios-storyline,scenario,en,draft-brand-manager-scenarios-portrait,AI Design for Brand Managers — 三类场景入口 | Lovart,local-only-draft,true,local-only,1-3 Content Gen/Page Gen/Pages/drafts/scenarios-storyline/Scenarios/en/draft-brand-manager-scenarios-portrait-en.json,"cd ""1-4 Geo Dev/lovart.sanity.studio"" && node scripts/preflight-content.js --file ""../../1-3 Content Gen/Page Gen/Pages/drafts/scenarios-storyline/Scenarios/en/draft-brand-manager-scenarios-portrait-en.json"" --composite-v2 --include-drafts",
P2 scenario storyline,104,not-reviewed,pending-human-review,scenarios-storyline,scenario,en,draft-brand-manager-scenarios-reviews4,AI Design for Brand Managers — 四列评价墙 | Lovart,local-only-draft,true,local-only,1-3 Content Gen/Page Gen/Pages/drafts/scenarios-storyline/Scenarios/en/draft-brand-manager-scenarios-reviews4-en.json,"cd ""1-4 Geo Dev/lovart.sanity.studio"" && node scripts/preflight-content.js --file ""../../1-3 Content Gen/Page Gen/Pages/drafts/scenarios-storyline/Scenarios/en/draft-brand-manager-scenarios-reviews4-en.json"" --composite-v2 --include-drafts",
P2 scenario storyline,104,not-reviewed,pending-human-review,scenarios-storyline,scenario,en,draft-brand-manager-scenarios-showcase,AI Design for Brand Managers — 案例横滑 | Lovart,local-only-draft,true,local-only,1-3 Content Gen/Page Gen/Pages/drafts/scenarios-storyline/Scenarios/en/draft-brand-manager-scenarios-showcase-en.json,"cd ""1-4 Geo Dev/lovart.sanity.studio"" && node scripts/preflight-content.js --file ""../../1-3 Content Gen/Page Gen/Pages/drafts/scenarios-storyline/Scenarios/en/draft-brand-manager-scenarios-showcase-en.json"" --composite-v2 --include-drafts",
P2 scenario storyline,104,not-reviewed,pending-human-review,scenarios-storyline,scenario,en,draft-brand-manager-scenarios-stacked,AI Design for Brand Managers — 案例纵叠 | Lovart,local-only-draft,true,local-only,1-3 Content Gen/Page Gen/Pages/drafts/scenarios-storyline/Scenarios/en/draft-brand-manager-scenarios-stacked-en.json,"cd ""1-4 Geo Dev/lovart.sanity.studio"" && node scripts/preflight-content.js --file ""../../1-3 Content Gen/Page Gen/Pages/drafts/scenarios-storyline/Scenarios/en/draft-brand-manager-scenarios-stacked-en.json"" --composite-v2 --include-drafts",
P2 scenario storyline,104,not-reviewed,pending-human-review,scenarios-storyline,scenario,en,draft-brand-manager-scenarios-testimonial,AI Design for Brand Managers — 叙事证言 | Lovart,local-only-draft,true,local-only,1-3 Content Gen/Page Gen/Pages/drafts/scenarios-storyline/Scenarios/en/draft-brand-manager-scenarios-testimonial-en.json,"cd ""1-4 Geo Dev/lovart.sanity.studio"" && node scripts/preflight-content.js --file ""../../1-3 Content Gen/Page Gen/Pages/drafts/scenarios-storyline/Scenarios/en/draft-brand-manager-scenarios-testimonial-en.json"" --composite-v2 --include-drafts",
P2 scenario storyline,104,not-reviewed,pending-human-review,scenarios-storyline,scenario,en,draft-brand-manager-scenarios-vertical,AI Design for Brand Managers — 纵向步骤 | Lovart,local-only-draft,true,local-only,1-3 Content Gen/Page Gen/Pages/drafts/scenarios-storyline/Scenarios/en/draft-brand-manager-scenarios-vertical-en.json,"cd ""1-4 Geo Dev/lovart.sanity.studio"" && node scripts/preflight-content.js --file ""../../1-3 Content Gen/Page Gen/Pages/drafts/scenarios-storyline/Scenarios/en/draft-brand-manager-scenarios-vertical-en.json"" --composite-v2 --include-drafts",
P2 scenario storyline,104,not-reviewed,pending-human-review,scenarios-storyline,scenario,en,draft-ecommerce-operator-scenarios-a,AI Design for E-Commerce Operators — 基准（Tab A） | Lovart,local-only-draft,true,local-only,1-3 Content Gen/Page Gen/Pages/drafts/scenarios-storyline/Scenarios/en/draft-ecommerce-operator-scenarios-a-en.json,"cd ""1-4 Geo Dev/lovart.sanity.studio"" && node scripts/preflight-content.js --file ""../../1-3 Content Gen/Page Gen/Pages/drafts/scenarios-storyline/Scenarios/en/draft-ecommerce-operator-scenarios-a-en.json"" --composite-v2 --include-drafts",
P2 scenario storyline,104,not-reviewed,pending-human-review,scenarios-storyline,scenario,en,draft-ecommerce-operator-scenarios-b,AI Design for E-Commerce Operators — Tab 布局 B | Lovart,local-only-draft,true,local-only,1-3 Content Gen/Page Gen/Pages/drafts/scenarios-storyline/Scenarios/en/draft-ecommerce-operator-scenarios-b-en.json,"cd ""1-4 Geo Dev/lovart.sanity.studio"" && node scripts/preflight-content.js --file ""../../1-3 Content Gen/Page Gen/Pages/drafts/scenarios-storyline/Scenarios/en/draft-ecommerce-operator-scenarios-b-en.json"" --composite-v2 --include-drafts",
P2 scenario storyline,104,not-reviewed,pending-human-review,scenarios-storyline,scenario,en,draft-ecommerce-operator-scenarios-before-after,AI Design for E-Commerce Operators — 前后对比 | Lovart,local-only-draft,true,local-only,1-3 Content Gen/Page Gen/Pages/drafts/scenarios-storyline/Scenarios/en/draft-ecommerce-operator-scenarios-before-after-en.json,"cd ""1-4 Geo Dev/lovart.sanity.studio"" && node scripts/preflight-content.js --file ""../../1-3 Content Gen/Page Gen/Pages/drafts/scenarios-storyline/Scenarios/en/draft-ecommerce-operator-scenarios-before-after-en.json"" --composite-v2 --include-drafts",
P2 scenario storyline,104,not-reviewed,pending-human-review,scenarios-storyline,scenario,en,draft-ecommerce-operator-scenarios-bento2,AI Design for E-Commerce Operators — 双成果聚焦 | Lovart,local-only-draft,true,local-only,1-3 Content Gen/Page Gen/Pages/drafts/scenarios-storyline/Scenarios/en/draft-ecommerce-operator-scenarios-bento2-en.json,"cd ""1-4 Geo Dev/lovart.sanity.studio"" && node scripts/preflight-content.js --file ""../../1-3 Content Gen/Page Gen/Pages/drafts/scenarios-storyline/Scenarios/en/draft-ecommerce-operator-scenarios-bento2-en.json"" --composite-v2 --include-drafts",
P2 scenario storyline,104,not-reviewed,pending-human-review,scenarios-storyline,scenario,en,draft-ecommerce-operator-scenarios-bento6,AI Design for E-Commerce Operators — 六格能力图 | Lovart,local-only-draft,true,local-only,1-3 Content Gen/Page Gen/Pages/drafts/scenarios-storyline/Scenarios/en/draft-ecommerce-operator-scenarios-bento6-en.json,"cd ""1-4 Geo Dev/lovart.sanity.studio"" && node scripts/preflight-content.js --file ""../../1-3 Content Gen/Page Gen/Pages/drafts/scenarios-storyline/Scenarios/en/draft-ecommerce-operator-scenarios-bento6-en.json"" --composite-v2 --include-drafts",
P2 scenario storyline,104,not-reviewed,pending-human-review,scenarios-storyline,scenario,en,draft-ecommerce-operator-scenarios-blog,AI Design for E-Commerce Operators — 内容案例库 | Lovart,local-only-draft,true,local-only,1-3 Content Gen/Page Gen/Pages/drafts/scenarios-storyline/Scenarios/en/draft-ecommerce-operator-scenarios-blog-en.json,"cd ""1-4 Geo Dev/lovart.sanity.studio"" && node scripts/preflight-content.js --file ""../../1-3 Content Gen/Page Gen/Pages/drafts/scenarios-storyline/Scenarios/en/draft-ecommerce-operator-scenarios-blog-en.json"" --composite-v2 --include-drafts",
P2 scenario storyline,104,not-reviewed,pending-human-review,scenarios-storyline,scenario,en,draft-ecommerce-operator-scenarios-cinematic,AI Design for E-Commerce Operators — 影院首屏 | Lovart,local-only-draft,true,local-only,1-3 Content Gen/Page Gen/Pages/drafts/scenarios-storyline/Scenarios/en/draft-ecommerce-operator-scenarios-cinematic-en.json,"cd ""1-4 Geo Dev/lovart.sanity.studio"" && node scripts/preflight-content.js --file ""../../1-3 Content Gen/Page Gen/Pages/drafts/scenarios-storyline/Scenarios/en/draft-ecommerce-operator-scenarios-cinematic-en.json"" --composite-v2 --include-drafts",
P2 scenario storyline,104,not-reviewed,pending-human-review,scenarios-storyline,scenario,en,draft-ecommerce-operator-scenarios-journey,AI Design for E-Commerce Operators — 旅程首屏 | Lovart,local-only-draft,true,local-only,1-3 Content Gen/Page Gen/Pages/drafts/scenarios-storyline/Scenarios/en/draft-ecommerce-operator-scenarios-journey-en.json,"cd ""1-4 Geo Dev/lovart.sanity.studio"" && node scripts/preflight-content.js --file ""../../1-3 Content Gen/Page Gen/Pages/drafts/scenarios-storyline/Scenarios/en/draft-ecommerce-operator-scenarios-journey-en.json"" --composite-v2 --include-drafts",
P2 scenario storyline,104,not-reviewed,pending-human-review,scenarios-storyline,scenario,en,draft-ecommerce-operator-scenarios-portrait,AI Design for E-Commerce Operators — 三类场景入口 | Lovart,local-only-draft,true,local-only,1-3 Content Gen/Page Gen/Pages/drafts/scenarios-storyline/Scenarios/en/draft-ecommerce-operator-scenarios-portrait-en.json,"cd ""1-4 Geo Dev/lovart.sanity.studio"" && node scripts/preflight-content.js --file ""../../1-3 Content Gen/Page Gen/Pages/drafts/scenarios-storyline/Scenarios/en/draft-ecommerce-operator-scenarios-portrait-en.json"" --composite-v2 --include-drafts",
P2 scenario storyline,104,not-reviewed,pending-human-review,scenarios-storyline,scenario,en,draft-ecommerce-operator-scenarios-reviews4,AI Design for E-Commerce Operators — 四列评价墙 | Lovart,local-only-draft,true,local-only,1-3 Content Gen/Page Gen/Pages/drafts/scenarios-storyline/Scenarios/en/draft-ecommerce-operator-scenarios-reviews4-en.json,"cd ""1-4 Geo Dev/lovart.sanity.studio"" && node scripts/preflight-content.js --file ""../../1-3 Content Gen/Page Gen/Pages/drafts/scenarios-storyline/Scenarios/en/draft-ecommerce-operator-scenarios-reviews4-en.json"" --composite-v2 --include-drafts",
P2 scenario storyline,104,not-reviewed,pending-human-review,scenarios-storyline,scenario,en,draft-ecommerce-operator-scenarios-showcase,AI Design for E-Commerce Operators — 案例横滑 | Lovart,local-only-draft,true,local-only,1-3 Content Gen/Page Gen/Pages/drafts/scenarios-storyline/Scenarios/en/draft-ecommerce-operator-scenarios-showcase-en.json,"cd ""1-4 Geo Dev/lovart.sanity.studio"" && node scripts/preflight-content.js --file ""../../1-3 Content Gen/Page Gen/Pages/drafts/scenarios-storyline/Scenarios/en/draft-ecommerce-operator-scenarios-showcase-en.json"" --composite-v2 --include-drafts",
P2 scenario storyline,104,not-reviewed,pending-human-review,scenarios-storyline,scenario,en,draft-ecommerce-operator-scenarios-stacked,AI Design for E-Commerce Operators — 案例纵叠 | Lovart,local-only-draft,true,local-only,1-3 Content Gen/Page Gen/Pages/drafts/scenarios-storyline/Scenarios/en/draft-ecommerce-operator-scenarios-stacked-en.json,"cd ""1-4 Geo Dev/lovart.sanity.studio"" && node scripts/preflight-content.js --file ""../../1-3 Content Gen/Page Gen/Pages/drafts/scenarios-storyline/Scenarios/en/draft-ecommerce-operator-scenarios-stacked-en.json"" --composite-v2 --include-drafts",
P2 scenario storyline,104,not-reviewed,pending-human-review,scenarios-storyline,scenario,en,draft-ecommerce-operator-scenarios-testimonial,AI Design for E-Commerce Operators — 叙事证言 | Lovart,local-only-draft,true,local-only,1-3 Content Gen/Page Gen/Pages/drafts/scenarios-storyline/Scenarios/en/draft-ecommerce-operator-scenarios-testimonial-en.json,"cd ""1-4 Geo Dev/lovart.sanity.studio"" && node scripts/preflight-content.js --file ""../../1-3 Content Gen/Page Gen/Pages/drafts/scenarios-storyline/Scenarios/en/draft-ecommerce-operator-scenarios-testimonial-en.json"" --composite-v2 --include-drafts",
P2 scenario storyline,104,not-reviewed,pending-human-review,scenarios-storyline,scenario,en,draft-ecommerce-operator-scenarios-vertical,AI Design for E-Commerce Operators — 纵向步骤 | Lovart,local-only-draft,true,local-only,1-3 Content Gen/Page Gen/Pages/drafts/scenarios-storyline/Scenarios/en/draft-ecommerce-operator-scenarios-vertical-en.json,"cd ""1-4 Geo Dev/lovart.sanity.studio"" && node scripts/preflight-content.js --file ""../../1-3 Content Gen/Page Gen/Pages/drafts/scenarios-storyline/Scenarios/en/draft-ecommerce-operator-scenarios-vertical-en.json"" --composite-v2 --include-drafts",
P2 scenario storyline,104,not-reviewed,pending-human-review,scenarios-storyline,scenario,en,draft-freelance-designer-scenarios-a,AI Design for Freelance Designers — 基准（Tab A） | Lovart,local-only-draft,true,local-only,1-3 Content Gen/Page Gen/Pages/drafts/scenarios-storyline/Scenarios/en/draft-freelance-designer-scenarios-a-en.json,"cd ""1-4 Geo Dev/lovart.sanity.studio"" && node scripts/preflight-content.js --file ""../../1-3 Content Gen/Page Gen/Pages/drafts/scenarios-storyline/Scenarios/en/draft-freelance-designer-scenarios-a-en.json"" --composite-v2 --include-drafts",
P2 scenario storyline,104,not-reviewed,pending-human-review,scenarios-storyline,scenario,en,draft-freelance-designer-scenarios-b,AI Design for Freelance Designers — Tab 布局 B | Lovart,local-only-draft,true,local-only,1-3 Content Gen/Page Gen/Pages/drafts/scenarios-storyline/Scenarios/en/draft-freelance-designer-scenarios-b-en.json,"cd ""1-4 Geo Dev/lovart.sanity.studio"" && node scripts/preflight-content.js --file ""../../1-3 Content Gen/Page Gen/Pages/drafts/scenarios-storyline/Scenarios/en/draft-freelance-designer-scenarios-b-en.json"" --composite-v2 --include-drafts",
P2 scenario storyline,104,not-reviewed,pending-human-review,scenarios-storyline,scenario,en,draft-freelance-designer-scenarios-before-after,AI Design for Freelance Designers — 前后对比 | Lovart,local-only-draft,true,local-only,1-3 Content Gen/Page Gen/Pages/drafts/scenarios-storyline/Scenarios/en/draft-freelance-designer-scenarios-before-after-en.json,"cd ""1-4 Geo Dev/lovart.sanity.studio"" && node scripts/preflight-content.js --file ""../../1-3 Content Gen/Page Gen/Pages/drafts/scenarios-storyline/Scenarios/en/draft-freelance-designer-scenarios-before-after-en.json"" --composite-v2 --include-drafts",
P2 scenario storyline,104,not-reviewed,pending-human-review,scenarios-storyline,scenario,en,draft-freelance-designer-scenarios-bento2,AI Design for Freelance Designers — 双成果聚焦 | Lovart,local-only-draft,true,local-only,1-3 Content Gen/Page Gen/Pages/drafts/scenarios-storyline/Scenarios/en/draft-freelance-designer-scenarios-bento2-en.json,"cd ""1-4 Geo Dev/lovart.sanity.studio"" && node scripts/preflight-content.js --file ""../../1-3 Content Gen/Page Gen/Pages/drafts/scenarios-storyline/Scenarios/en/draft-freelance-designer-scenarios-bento2-en.json"" --composite-v2 --include-drafts",
P2 scenario storyline,104,not-reviewed,pending-human-review,scenarios-storyline,scenario,en,draft-freelance-designer-scenarios-bento6,AI Design for Freelance Designers — 六格能力图 | Lovart,local-only-draft,true,local-only,1-3 Content Gen/Page Gen/Pages/drafts/scenarios-storyline/Scenarios/en/draft-freelance-designer-scenarios-bento6-en.json,"cd ""1-4 Geo Dev/lovart.sanity.studio"" && node scripts/preflight-content.js --file ""../../1-3 Content Gen/Page Gen/Pages/drafts/scenarios-storyline/Scenarios/en/draft-freelance-designer-scenarios-bento6-en.json"" --composite-v2 --include-drafts",
P2 scenario storyline,104,not-reviewed,pending-human-review,scenarios-storyline,scenario,en,draft-freelance-designer-scenarios-blog,AI Design for Freelance Designers — 内容案例库 | Lovart,local-only-draft,true,local-only,1-3 Content Gen/Page Gen/Pages/drafts/scenarios-storyline/Scenarios/en/draft-freelance-designer-scenarios-blog-en.json,"cd ""1-4 Geo Dev/lovart.sanity.studio"" && node scripts/preflight-content.js --file ""../../1-3 Content Gen/Page Gen/Pages/drafts/scenarios-storyline/Scenarios/en/draft-freelance-designer-scenarios-blog-en.json"" --composite-v2 --include-drafts",
P2 scenario storyline,104,not-reviewed,pending-human-review,scenarios-storyline,scenario,en,draft-freelance-designer-scenarios-cinematic,AI Design for Freelance Designers — 影院首屏 | Lovart,local-only-draft,true,local-only,1-3 Content Gen/Page Gen/Pages/drafts/scenarios-storyline/Scenarios/en/draft-freelance-designer-scenarios-cinematic-en.json,"cd ""1-4 Geo Dev/lovart.sanity.studio"" && node scripts/preflight-content.js --file ""../../1-3 Content Gen/Page Gen/Pages/drafts/scenarios-storyline/Scenarios/en/draft-freelance-designer-scenarios-cinematic-en.json"" --composite-v2 --include-drafts",
P2 scenario storyline,104,not-reviewed,pending-human-review,scenarios-storyline,scenario,en,draft-freelance-designer-scenarios-journey,AI Design for Freelance Designers — 旅程首屏 | Lovart,local-only-draft,true,local-only,1-3 Content Gen/Page Gen/Pages/drafts/scenarios-storyline/Scenarios/en/draft-freelance-designer-scenarios-journey-en.json,"cd ""1-4 Geo Dev/lovart.sanity.studio"" && node scripts/preflight-content.js --file ""../../1-3 Content Gen/Page Gen/Pages/drafts/scenarios-storyline/Scenarios/en/draft-freelance-designer-scenarios-journey-en.json"" --composite-v2 --include-drafts",
P2 scenario storyline,104,not-reviewed,pending-human-review,scenarios-storyline,scenario,en,draft-freelance-designer-scenarios-portrait,AI Design for Freelance Designers — 三类场景入口 | Lovart,local-only-draft,true,local-only,1-3 Content Gen/Page Gen/Pages/drafts/scenarios-storyline/Scenarios/en/draft-freelance-designer-scenarios-portrait-en.json,"cd ""1-4 Geo Dev/lovart.sanity.studio"" && node scripts/preflight-content.js --file ""../../1-3 Content Gen/Page Gen/Pages/drafts/scenarios-storyline/Scenarios/en/draft-freelance-designer-scenarios-portrait-en.json"" --composite-v2 --include-drafts",
P2 scenario storyline,104,not-reviewed,pending-human-review,scenarios-storyline,scenario,en,draft-freelance-designer-scenarios-reviews4,AI Design for Freelance Designers — 四列评价墙 | Lovart,local-only-draft,true,local-only,1-3 Content Gen/Page Gen/Pages/drafts/scenarios-storyline/Scenarios/en/draft-freelance-designer-scenarios-reviews4-en.json,"cd ""1-4 Geo Dev/lovart.sanity.studio"" && node scripts/preflight-content.js --file ""../../1-3 Content Gen/Page Gen/Pages/drafts/scenarios-storyline/Scenarios/en/draft-freelance-designer-scenarios-reviews4-en.json"" --composite-v2 --include-drafts",
P2 scenario storyline,104,not-reviewed,pending-human-review,scenarios-storyline,scenario,en,draft-freelance-designer-scenarios-showcase,AI Design for Freelance Designers — 案例横滑 | Lovart,local-only-draft,true,local-only,1-3 Content Gen/Page Gen/Pages/drafts/scenarios-storyline/Scenarios/en/draft-freelance-designer-scenarios-showcase-en.json,"cd ""1-4 Geo Dev/lovart.sanity.studio"" && node scripts/preflight-content.js --file ""../../1-3 Content Gen/Page Gen/Pages/drafts/scenarios-storyline/Scenarios/en/draft-freelance-designer-scenarios-showcase-en.json"" --composite-v2 --include-drafts",
P2 scenario storyline,104,not-reviewed,pending-human-review,scenarios-storyline,scenario,en,draft-freelance-designer-scenarios-stacked,AI Design for Freelance Designers — 案例纵叠 | Lovart,local-only-draft,true,local-only,1-3 Content Gen/Page Gen/Pages/drafts/scenarios-storyline/Scenarios/en/draft-freelance-designer-scenarios-stacked-en.json,"cd ""1-4 Geo Dev/lovart.sanity.studio"" && node scripts/preflight-content.js --file ""../../1-3 Content Gen/Page Gen/Pages/drafts/scenarios-storyline/Scenarios/en/draft-freelance-designer-scenarios-stacked-en.json"" --composite-v2 --include-drafts",
P2 scenario storyline,104,not-reviewed,pending-human-review,scenarios-storyline,scenario,en,draft-freelance-designer-scenarios-testimonial,AI Design for Freelance Designers — 叙事证言 | Lovart,local-only-draft,true,local-only,1-3 Content Gen/Page Gen/Pages/drafts/scenarios-storyline/Scenarios/en/draft-freelance-designer-scenarios-testimonial-en.json,"cd ""1-4 Geo Dev/lovart.sanity.studio"" && node scripts/preflight-content.js --file ""../../1-3 Content Gen/Page Gen/Pages/drafts/scenarios-storyline/Scenarios/en/draft-freelance-designer-scenarios-testimonial-en.json"" --composite-v2 --include-drafts",
P2 scenario storyline,104,not-reviewed,pending-human-review,scenarios-storyline,scenario,en,draft-freelance-designer-scenarios-vertical,AI Design for Freelance Designers — 纵向步骤 | Lovart,local-only-draft,true,local-only,1-3 Content Gen/Page Gen/Pages/drafts/scenarios-storyline/Scenarios/en/draft-freelance-designer-scenarios-vertical-en.json,"cd ""1-4 Geo Dev/lovart.sanity.studio"" && node scripts/preflight-content.js --file ""../../1-3 Content Gen/Page Gen/Pages/drafts/scenarios-storyline/Scenarios/en/draft-freelance-designer-scenarios-vertical-en.json"" --composite-v2 --include-drafts",
P2 scenario storyline,104,not-reviewed,pending-human-review,scenarios-storyline,scenario,en,draft-marketing-director-scenarios-a,AI Design for Marketing Directors — 基准（Tab A） | Lovart,local-only-draft,true,local-only,1-3 Content Gen/Page Gen/Pages/drafts/scenarios-storyline/Scenarios/en/draft-marketing-director-scenarios-a-en.json,"cd ""1-4 Geo Dev/lovart.sanity.studio"" && node scripts/preflight-content.js --file ""../../1-3 Content Gen/Page Gen/Pages/drafts/scenarios-storyline/Scenarios/en/draft-marketing-director-scenarios-a-en.json"" --composite-v2 --include-drafts",
P2 scenario storyline,104,not-reviewed,pending-human-review,scenarios-storyline,scenario,en,draft-marketing-director-scenarios-b,AI Design for Marketing Directors — Tab 布局 B | Lovart,local-only-draft,true,local-only,1-3 Content Gen/Page Gen/Pages/drafts/scenarios-storyline/Scenarios/en/draft-marketing-director-scenarios-b-en.json,"cd ""1-4 Geo Dev/lovart.sanity.studio"" && node scripts/preflight-content.js --file ""../../1-3 Content Gen/Page Gen/Pages/drafts/scenarios-storyline/Scenarios/en/draft-marketing-director-scenarios-b-en.json"" --composite-v2 --include-drafts",
P2 scenario storyline,104,not-reviewed,pending-human-review,scenarios-storyline,scenario,en,draft-marketing-director-scenarios-before-after,AI Design for Marketing Directors — 前后对比 | Lovart,local-only-draft,true,local-only,1-3 Content Gen/Page Gen/Pages/drafts/scenarios-storyline/Scenarios/en/draft-marketing-director-scenarios-before-after-en.json,"cd ""1-4 Geo Dev/lovart.sanity.studio"" && node scripts/preflight-content.js --file ""../../1-3 Content Gen/Page Gen/Pages/drafts/scenarios-storyline/Scenarios/en/draft-marketing-director-scenarios-before-after-en.json"" --composite-v2 --include-drafts",
P2 scenario storyline,104,not-reviewed,pending-human-review,scenarios-storyline,scenario,en,draft-marketing-director-scenarios-bento2,AI Design for Marketing Directors — 双成果聚焦 | Lovart,local-only-draft,true,local-only,1-3 Content Gen/Page Gen/Pages/drafts/scenarios-storyline/Scenarios/en/draft-marketing-director-scenarios-bento2-en.json,"cd ""1-4 Geo Dev/lovart.sanity.studio"" && node scripts/preflight-content.js --file ""../../1-3 Content Gen/Page Gen/Pages/drafts/scenarios-storyline/Scenarios/en/draft-marketing-director-scenarios-bento2-en.json"" --composite-v2 --include-drafts",
P2 scenario storyline,104,not-reviewed,pending-human-review,scenarios-storyline,scenario,en,draft-marketing-director-scenarios-bento6,AI Design for Marketing Directors — 六格能力图 | Lovart,local-only-draft,true,local-only,1-3 Content Gen/Page Gen/Pages/drafts/scenarios-storyline/Scenarios/en/draft-marketing-director-scenarios-bento6-en.json,"cd ""1-4 Geo Dev/lovart.sanity.studio"" && node scripts/preflight-content.js --file ""../../1-3 Content Gen/Page Gen/Pages/drafts/scenarios-storyline/Scenarios/en/draft-marketing-director-scenarios-bento6-en.json"" --composite-v2 --include-drafts",
P2 scenario storyline,104,not-reviewed,pending-human-review,scenarios-storyline,scenario,en,draft-marketing-director-scenarios-blog,AI Design for Marketing Directors — 内容案例库 | Lovart,local-only-draft,true,local-only,1-3 Content Gen/Page Gen/Pages/drafts/scenarios-storyline/Scenarios/en/draft-marketing-director-scenarios-blog-en.json,"cd ""1-4 Geo Dev/lovart.sanity.studio"" && node scripts/preflight-content.js --file ""../../1-3 Content Gen/Page Gen/Pages/drafts/scenarios-storyline/Scenarios/en/draft-marketing-director-scenarios-blog-en.json"" --composite-v2 --include-drafts",
P2 scenario storyline,104,not-reviewed,pending-human-review,scenarios-storyline,scenario,en,draft-marketing-director-scenarios-cinematic,AI Design for Marketing Directors — 影院首屏 | Lovart,local-only-draft,true,local-only,1-3 Content Gen/Page Gen/Pages/drafts/scenarios-storyline/Scenarios/en/draft-marketing-director-scenarios-cinematic-en.json,"cd ""1-4 Geo Dev/lovart.sanity.studio"" && node scripts/preflight-content.js --file ""../../1-3 Content Gen/Page Gen/Pages/drafts/scenarios-storyline/Scenarios/en/draft-marketing-director-scenarios-cinematic-en.json"" --composite-v2 --include-drafts",
P2 scenario storyline,104,not-reviewed,pending-human-review,scenarios-storyline,scenario,en,draft-marketing-director-scenarios-journey,AI Design for Marketing Directors — 旅程首屏 | Lovart,local-only-draft,true,local-only,1-3 Content Gen/Page Gen/Pages/drafts/scenarios-storyline/Scenarios/en/draft-marketing-director-scenarios-journey-en.json,"cd ""1-4 Geo Dev/lovart.sanity.studio"" && node scripts/preflight-content.js --file ""../../1-3 Content Gen/Page Gen/Pages/drafts/scenarios-storyline/Scenarios/en/draft-marketing-director-scenarios-journey-en.json"" --composite-v2 --include-drafts",
P2 scenario storyline,104,not-reviewed,pending-human-review,scenarios-storyline,scenario,en,draft-marketing-director-scenarios-portrait,AI Design for Marketing Directors — 三类场景入口 | Lovart,local-only-draft,true,local-only,1-3 Content Gen/Page Gen/Pages/drafts/scenarios-storyline/Scenarios/en/draft-marketing-director-scenarios-portrait-en.json,"cd ""1-4 Geo Dev/lovart.sanity.studio"" && node scripts/preflight-content.js --file ""../../1-3 Content Gen/Page Gen/Pages/drafts/scenarios-storyline/Scenarios/en/draft-marketing-director-scenarios-portrait-en.json"" --composite-v2 --include-drafts",
P2 scenario storyline,104,not-reviewed,pending-human-review,scenarios-storyline,scenario,en,draft-marketing-director-scenarios-reviews4,AI Design for Marketing Directors — 四列评价墙 | Lovart,local-only-draft,true,local-only,1-3 Content Gen/Page Gen/Pages/drafts/scenarios-storyline/Scenarios/en/draft-marketing-director-scenarios-reviews4-en.json,"cd ""1-4 Geo Dev/lovart.sanity.studio"" && node scripts/preflight-content.js --file ""../../1-3 Content Gen/Page Gen/Pages/drafts/scenarios-storyline/Scenarios/en/draft-marketing-director-scenarios-reviews4-en.json"" --composite-v2 --include-drafts",
P2 scenario storyline,104,not-reviewed,pending-human-review,scenarios-storyline,scenario,en,draft-marketing-director-scenarios-showcase,AI Design for Marketing Directors — 案例横滑 | Lovart,local-only-draft,true,local-only,1-3 Content Gen/Page Gen/Pages/drafts/scenarios-storyline/Scenarios/en/draft-marketing-director-scenarios-showcase-en.json,"cd ""1-4 Geo Dev/lovart.sanity.studio"" && node scripts/preflight-content.js --file ""../../1-3 Content Gen/Page Gen/Pages/drafts/scenarios-storyline/Scenarios/en/draft-marketing-director-scenarios-showcase-en.json"" --composite-v2 --include-drafts",
P2 scenario storyline,104,not-reviewed,pending-human-review,scenarios-storyline,scenario,en,draft-marketing-director-scenarios-stacked,AI Design for Marketing Directors — 案例纵叠 | Lovart,local-only-draft,true,local-only,1-3 Content Gen/Page Gen/Pages/drafts/scenarios-storyline/Scenarios/en/draft-marketing-director-scenarios-stacked-en.json,"cd ""1-4 Geo Dev/lovart.sanity.studio"" && node scripts/preflight-content.js --file ""../../1-3 Content Gen/Page Gen/Pages/drafts/scenarios-storyline/Scenarios/en/draft-marketing-director-scenarios-stacked-en.json"" --composite-v2 --include-drafts",
P2 scenario storyline,104,not-reviewed,pending-human-review,scenarios-storyline,scenario,en,draft-marketing-director-scenarios-testimonial,AI Design for Marketing Directors — 叙事证言 | Lovart,local-only-draft,true,local-only,1-3 Content Gen/Page Gen/Pages/drafts/scenarios-storyline/Scenarios/en/draft-marketing-director-scenarios-testimonial-en.json,"cd ""1-4 Geo Dev/lovart.sanity.studio"" && node scripts/preflight-content.js --file ""../../1-3 Content Gen/Page Gen/Pages/drafts/scenarios-storyline/Scenarios/en/draft-marketing-director-scenarios-testimonial-en.json"" --composite-v2 --include-drafts",
P2 scenario storyline,104,not-reviewed,pending-human-review,scenarios-storyline,scenario,en,draft-marketing-director-scenarios-vertical,AI Design for Marketing Directors — 纵向步骤 | Lovart,local-only-draft,true,local-only,1-3 Content Gen/Page Gen/Pages/drafts/scenarios-storyline/Scenarios/en/draft-marketing-director-scenarios-vertical-en.json,"cd ""1-4 Geo Dev/lovart.sanity.studio"" && node scripts/preflight-content.js --file ""../../1-3 Content Gen/Page Gen/Pages/drafts/scenarios-storyline/Scenarios/en/draft-marketing-director-scenarios-vertical-en.json"" --composite-v2 --include-drafts",
P2 scenario storyline,104,not-reviewed,pending-human-review,scenarios-storyline,scenario,en,draft-social-media-manager-scenarios-a,AI Design for Social Media Managers — 基准（Tab A） | Lovart,local-only-draft,true,local-only,1-3 Content Gen/Page Gen/Pages/drafts/scenarios-storyline/Scenarios/en/draft-social-media-manager-scenarios-a-en.json,"cd ""1-4 Geo Dev/lovart.sanity.studio"" && node scripts/preflight-content.js --file ""../../1-3 Content Gen/Page Gen/Pages/drafts/scenarios-storyline/Scenarios/en/draft-social-media-manager-scenarios-a-en.json"" --composite-v2 --include-drafts",
P2 scenario storyline,104,not-reviewed,pending-human-review,scenarios-storyline,scenario,en,draft-social-media-manager-scenarios-b,AI Design for Social Media Managers — Tab 布局 B | Lovart,local-only-draft,true,local-only,1-3 Content Gen/Page Gen/Pages/drafts/scenarios-storyline/Scenarios/en/draft-social-media-manager-scenarios-b-en.json,"cd ""1-4 Geo Dev/lovart.sanity.studio"" && node scripts/preflight-content.js --file ""../../1-3 Content Gen/Page Gen/Pages/drafts/scenarios-storyline/Scenarios/en/draft-social-media-manager-scenarios-b-en.json"" --composite-v2 --include-drafts",
P2 scenario storyline,104,not-reviewed,pending-human-review,scenarios-storyline,scenario,en,draft-social-media-manager-scenarios-before-after,AI Design for Social Media Managers — 前后对比 | Lovart,local-only-draft,true,local-only,1-3 Content Gen/Page Gen/Pages/drafts/scenarios-storyline/Scenarios/en/draft-social-media-manager-scenarios-before-after-en.json,"cd ""1-4 Geo Dev/lovart.sanity.studio"" && node scripts/preflight-content.js --file ""../../1-3 Content Gen/Page Gen/Pages/drafts/scenarios-storyline/Scenarios/en/draft-social-media-manager-scenarios-before-after-en.json"" --composite-v2 --include-drafts",
P2 scenario storyline,104,not-reviewed,pending-human-review,scenarios-storyline,scenario,en,draft-social-media-manager-scenarios-bento2,AI Design for Social Media Managers — 双成果聚焦 | Lovart,local-only-draft,true,local-only,1-3 Content Gen/Page Gen/Pages/drafts/scenarios-storyline/Scenarios/en/draft-social-media-manager-scenarios-bento2-en.json,"cd ""1-4 Geo Dev/lovart.sanity.studio"" && node scripts/preflight-content.js --file ""../../1-3 Content Gen/Page Gen/Pages/drafts/scenarios-storyline/Scenarios/en/draft-social-media-manager-scenarios-bento2-en.json"" --composite-v2 --include-drafts",
P2 scenario storyline,104,not-reviewed,pending-human-review,scenarios-storyline,scenario,en,draft-social-media-manager-scenarios-bento6,AI Design for Social Media Managers — 六格能力图 | Lovart,local-only-draft,true,local-only,1-3 Content Gen/Page Gen/Pages/drafts/scenarios-storyline/Scenarios/en/draft-social-media-manager-scenarios-bento6-en.json,"cd ""1-4 Geo Dev/lovart.sanity.studio"" && node scripts/preflight-content.js --file ""../../1-3 Content Gen/Page Gen/Pages/drafts/scenarios-storyline/Scenarios/en/draft-social-media-manager-scenarios-bento6-en.json"" --composite-v2 --include-drafts",
P2 scenario storyline,104,not-reviewed,pending-human-review,scenarios-storyline,scenario,en,draft-social-media-manager-scenarios-blog,AI Design for Social Media Managers — 内容案例库 | Lovart,local-only-draft,true,local-only,1-3 Content Gen/Page Gen/Pages/drafts/scenarios-storyline/Scenarios/en/draft-social-media-manager-scenarios-blog-en.json,"cd ""1-4 Geo Dev/lovart.sanity.studio"" && node scripts/preflight-content.js --file ""../../1-3 Content Gen/Page Gen/Pages/drafts/scenarios-storyline/Scenarios/en/draft-social-media-manager-scenarios-blog-en.json"" --composite-v2 --include-drafts",
P2 scenario storyline,104,not-reviewed,pending-human-review,scenarios-storyline,scenario,en,draft-social-media-manager-scenarios-cinematic,AI Design for Social Media Managers — 影院首屏 | Lovart,local-only-draft,true,local-only,1-3 Content Gen/Page Gen/Pages/drafts/scenarios-storyline/Scenarios/en/draft-social-media-manager-scenarios-cinematic-en.json,"cd ""1-4 Geo Dev/lovart.sanity.studio"" && node scripts/preflight-content.js --file ""../../1-3 Content Gen/Page Gen/Pages/drafts/scenarios-storyline/Scenarios/en/draft-social-media-manager-scenarios-cinematic-en.json"" --composite-v2 --include-drafts",
P2 scenario storyline,104,not-reviewed,pending-human-review,scenarios-storyline,scenario,en,draft-social-media-manager-scenarios-journey,AI Design for Social Media Managers — 旅程首屏 | Lovart,local-only-draft,true,local-only,1-3 Content Gen/Page Gen/Pages/drafts/scenarios-storyline/Scenarios/en/draft-social-media-manager-scenarios-journey-en.json,"cd ""1-4 Geo Dev/lovart.sanity.studio"" && node scripts/preflight-content.js --file ""../../1-3 Content Gen/Page Gen/Pages/drafts/scenarios-storyline/Scenarios/en/draft-social-media-manager-scenarios-journey-en.json"" --composite-v2 --include-drafts",
P2 scenario storyline,104,not-reviewed,pending-human-review,scenarios-storyline,scenario,en,draft-social-media-manager-scenarios-portrait,AI Design for Social Media Managers — 三类场景入口 | Lovart,local-only-draft,true,local-only,1-3 Content Gen/Page Gen/Pages/drafts/scenarios-storyline/Scenarios/en/draft-social-media-manager-scenarios-portrait-en.json,"cd ""1-4 Geo Dev/lovart.sanity.studio"" && node scripts/preflight-content.js --file ""../../1-3 Content Gen/Page Gen/Pages/drafts/scenarios-storyline/Scenarios/en/draft-social-media-manager-scenarios-portrait-en.json"" --composite-v2 --include-drafts",
P2 scenario storyline,104,not-reviewed,pending-human-review,scenarios-storyline,scenario,en,draft-social-media-manager-scenarios-reviews4,AI Design for Social Media Managers — 四列评价墙 | Lovart,local-only-draft,true,local-only,1-3 Content Gen/Page Gen/Pages/drafts/scenarios-storyline/Scenarios/en/draft-social-media-manager-scenarios-reviews4-en.json,"cd ""1-4 Geo Dev/lovart.sanity.studio"" && node scripts/preflight-content.js --file ""../../1-3 Content Gen/Page Gen/Pages/drafts/scenarios-storyline/Scenarios/en/draft-social-media-manager-scenarios-reviews4-en.json"" --composite-v2 --include-drafts",
P2 scenario storyline,104,not-reviewed,pending-human-review,scenarios-storyline,scenario,en,draft-social-media-manager-scenarios-showcase,AI Design for Social Media Managers — 案例横滑 | Lovart,local-only-draft,true,local-only,1-3 Content Gen/Page Gen/Pages/drafts/scenarios-storyline/Scenarios/en/draft-social-media-manager-scenarios-showcase-en.json,"cd ""1-4 Geo Dev/lovart.sanity.studio"" && node scripts/preflight-content.js --file ""../../1-3 Content Gen/Page Gen/Pages/drafts/scenarios-storyline/Scenarios/en/draft-social-media-manager-scenarios-showcase-en.json"" --composite-v2 --include-drafts",
P2 scenario storyline,104,not-reviewed,pending-human-review,scenarios-storyline,scenario,en,draft-social-media-manager-scenarios-stacked,AI Design for Social Media Managers — 案例纵叠 | Lovart,local-only-draft,true,local-only,1-3 Content Gen/Page Gen/Pages/drafts/scenarios-storyline/Scenarios/en/draft-social-media-manager-scenarios-stacked-en.json,"cd ""1-4 Geo Dev/lovart.sanity.studio"" && node scripts/preflight-content.js --file ""../../1-3 Content Gen/Page Gen/Pages/drafts/scenarios-storyline/Scenarios/en/draft-social-media-manager-scenarios-stacked-en.json"" --composite-v2 --include-drafts",
P2 scenario storyline,104,not-reviewed,pending-human-review,scenarios-storyline,scenario,en,draft-social-media-manager-scenarios-testimonial,AI Design for Social Media Managers — 叙事证言 | Lovart,local-only-draft,true,local-only,1-3 Content Gen/Page Gen/Pages/drafts/scenarios-storyline/Scenarios/en/draft-social-media-manager-scenarios-testimonial-en.json,"cd ""1-4 Geo Dev/lovart.sanity.studio"" && node scripts/preflight-content.js --file ""../../1-3 Content Gen/Page Gen/Pages/drafts/scenarios-storyline/Scenarios/en/draft-social-media-manager-scenarios-testimonial-en.json"" --composite-v2 --include-drafts",
P2 scenario storyline,104,not-reviewed,pending-human-review,scenarios-storyline,scenario,en,draft-social-media-manager-scenarios-vertical,AI Design for Social Media Managers — 纵向步骤 | Lovart,local-only-draft,true,local-only,1-3 Content Gen/Page Gen/Pages/drafts/scenarios-storyline/Scenarios/en/draft-social-media-manager-scenarios-vertical-en.json,"cd ""1-4 Geo Dev/lovart.sanity.studio"" && node scripts/preflight-content.js --file ""../../1-3 Content Gen/Page Gen/Pages/drafts/scenarios-storyline/Scenarios/en/draft-social-media-manager-scenarios-vertical-en.json"" --composite-v2 --include-drafts",
P1 video expansion,56,not-reviewed,pending-human-review,ai-video-agent-expansion,feature,,ai-video-agent,AI Video Agent,expansion-candidate,true,,1-3 Content Gen/Page Gen/Pages/drafts/ai-video-agent-expansion/Features/en/ai-video-agent-en.json,"cd ""1-4 Geo Dev/lovart.sanity.studio"" && node scripts/preflight-content.js --file ""../../1-3 Content Gen/Page Gen/Pages/drafts/ai-video-agent-expansion/Features/en/ai-video-agent-en.json"" --composite-v2 --include-drafts",slug-without-draft-prefix
P1 video expansion,56,not-reviewed,pending-human-review,ai-video-agent-expansion,feature,,ai-video-agent-for-ecommerce,AI Video Agent for Ecommerce,expansion-candidate,true,,1-3 Content Gen/Page Gen/Pages/drafts/ai-video-agent-expansion/Features/en/ai-video-agent-for-ecommerce-en.json,"cd ""1-4 Geo Dev/lovart.sanity.studio"" && node scripts/preflight-content.js --file ""../../1-3 Content Gen/Page Gen/Pages/drafts/ai-video-agent-expansion/Features/en/ai-video-agent-for-ecommerce-en.json"" --composite-v2 --include-drafts",slug-without-draft-prefix
P1 video expansion,56,not-reviewed,pending-human-review,ai-video-agent-expansion,feature,,ai-video-agent-for-marketing,AI Video Agent for Marketing,expansion-candidate,true,,1-3 Content Gen/Page Gen/Pages/drafts/ai-video-agent-expansion/Features/en/ai-video-agent-for-marketing-en.json,"cd ""1-4 Geo Dev/lovart.sanity.studio"" && node scripts/preflight-content.js --file ""../../1-3 Content Gen/Page Gen/Pages/drafts/ai-video-agent-expansion/Features/en/ai-video-agent-for-marketing-en.json"" --composite-v2 --include-drafts",slug-without-draft-prefix
P1 video expansion,56,not-reviewed,pending-human-review,ai-video-agent-expansion,feature,,ai-video-agent-for-tiktok,AI Video Agent for TikTok,expansion-candidate,true,,1-3 Content Gen/Page Gen/Pages/drafts/ai-video-agent-expansion/Features/en/ai-video-agent-for-tiktok-en.json,"cd ""1-4 Geo Dev/lovart.sanity.studio"" && node scripts/preflight-content.js --file ""../../1-3 Content Gen/Page Gen/Pages/drafts/ai-video-agent-expansion/Features/en/ai-video-agent-for-tiktok-en.json"" --composite-v2 --include-drafts",slug-without-draft-prefix
P1 video expansion,56,not-reviewed,pending-human-review,ai-video-agent-expansion,feature,,ai-video-agent-for-youtube,AI Video Agent for YouTube,expansion-candidate,true,,1-3 Content Gen/Page Gen/Pages/drafts/ai-video-agent-expansion/Features/en/ai-video-agent-for-youtube-en.json,"cd ""1-4 Geo Dev/lovart.sanity.studio"" && node scripts/preflight-content.js --file ""../../1-3 Content Gen/Page Gen/Pages/drafts/ai-video-agent-expansion/Features/en/ai-video-agent-for-youtube-en.json"" --composite-v2 --include-drafts",slug-without-draft-prefix
P1 video expansion,56,not-reviewed,pending-human-review,ai-video-agent-expansion,feature,,ai-video-agent-workflow,AI Video Agent Workflow,expansion-candidate,true,,1-3 Content Gen/Page Gen/Pages/drafts/ai-video-agent-expansion/Features/en/ai-video-agent-workflow-en.json,"cd ""1-4 Geo Dev/lovart.sanity.studio"" && node scripts/preflight-content.js --file ""../../1-3 Content Gen/Page Gen/Pages/drafts/ai-video-agent-expansion/Features/en/ai-video-agent-workflow-en.json"" --composite-v2 --include-drafts",slug-without-draft-prefix
P1 video expansion,56,not-reviewed,pending-human-review,ai-video-agent-expansion,feature,,autonomous-ai-video-agent,Autonomous AI Video Agent,expansion-candidate,true,,1-3 Content Gen/Page Gen/Pages/drafts/ai-video-agent-expansion/Features/en/autonomous-ai-video-agent-en.json,"cd ""1-4 Geo Dev/lovart.sanity.studio"" && node scripts/preflight-content.js --file ""../../1-3 Content Gen/Page Gen/Pages/drafts/ai-video-agent-expansion/Features/en/autonomous-ai-video-agent-en.json"" --composite-v2 --include-drafts",slug-without-draft-prefix
P1 video expansion,56,not-reviewed,pending-human-review,ai-video-agent-expansion,feature,,multimodal-ai-video-agent,Multimodal AI Video Agent,expansion-candidate,true,,1-3 Content Gen/Page Gen/Pages/drafts/ai-video-agent-expansion/Features/en/multimodal-ai-video-agent-en.json,"cd ""1-4 Geo Dev/lovart.sanity.studio"" && node scripts/preflight-content.js --file ""../../1-3 Content Gen/Page Gen/Pages/drafts/ai-video-agent-expansion/Features/en/multimodal-ai-video-agent-en.json"" --composite-v2 --include-drafts",slug-without-draft-prefix
P0 composite experiment,20,not-reviewed,pending-human-review,composite-v2,supporting-file,,,,draft-candidate,,,1-3 Content Gen/Page Gen/Pages/drafts/composite-v2/manifest.json,"cd ""1-4 Geo Dev/lovart.sanity.studio"" && node scripts/preflight-content.js --file ""../../1-3 Content Gen/Page Gen/Pages/drafts/composite-v2/manifest.json"" --composite-v2 --include-drafts",missing-title; missing-bodyJson
