blog_type,slug,title,category,seo_title,seo_description,focus_keyword,target_lp_slug,group
How-To,zh-lovart-getting-started,Lovart 新手入门：从注册到完成第一个设计的完整教程,How-To,Lovart新手入门教程 注册登录使用全攻略,5分钟从注册到出图。涵盖账号注册、中文设置、免费额度使用、第一个AI设计实操。,lovart新手入门 lovart教程,zh-lovart-about,brand
How-To,zh-lovart-china-access,Lovart 国内访问完整解决方案（2026更新）,How-To,Lovart国内访问教程 2026最新解决方案汇总,国内访问Lovart全攻略：官网直连、网络配置、支付宝支付、中文设置。一步到位。,lovart国内访问 lovart打不开,zh-lovart-china-guide,brand
Lovart 101,zh-what-is-lovart,什么是Lovart？全球首个AI设计智能体完全解读,Lovart 101,什么是Lovart AI设计智能体 2026完全解读,从零了解Lovart——全球首个AI设计智能体。核心功能、独家技术、适用场景、价格方案一篇文章讲清楚。,lovart是什么 lovart ai,zh-lovart-about,brand
Best Practice,zh-lovart-security,AI 设计工具安全吗？Lovart 数据保护机制详解,Best Practice,Lovart数据安全保护机制 企业级加密和隐私政策,Lovart如何保护你的数据安全。端到端加密、数据不用于训练、GDPR合规、企业级安全认证详解。,lovart数据安全 ai设计隐私,zh-security-privacy,brand
How-To,zh-lovart-pricing-guide,Lovart 各版本怎么选？免费版到专业版全面对比,How-To,Lovart价格方案对比 免费版StarterBasicPro怎么选,一文看懂Lovart四个版本的功能差异和价格。免费版够用吗？个人和团队分别选哪个？帮你省钱选对方案。,lovart价格 lovart版本对比,zh-pricing-cn,brand
How-To,zh-cant-design-start,不懂设计也能做出专业级视觉作品——完全指南,How-To,不懂设计怎么做图 AI设计小白零基础入门教程,从没学过设计也能做出专业级视觉作品。AI设计智能体让每个人都能成为设计师。,不会设计 零基础设计,zh-cant-design,pain
Best Practice,zh-designer-cost-save,请设计师太贵？算一笔账看AI设计到底省多少,Best Practice,请设计师 vs AI设计 成本对比 中小企业省钱方案,小公司设计预算有限？对比请设计师、外包和AI设计的真实成本。月省80%不是梦。,请设计师费用 设计成本对比,zh-designer-expensive,pain
How-To,zh-design-efficiency-10x,设计效率提升10倍的AI工作流,How-To,设计效率提升10倍 AI批量出图工作流搭建教程,每天加班做图？用AI批量设计工作流，一次操作生成100张图。告别重复劳动。,设计效率 批量设计,zh-low-efficiency,pain
Insight & Trend,zh-brand-consistency-guide,品牌视觉碎片化：SaaS公司最容易被忽视的问题,Insight & Trend,品牌视觉碎片化问题 SaaS品牌管理最佳实践,市场部最头疼的品牌视觉碎片化问题。如何用Brand Kit在一个平台上管理所有渠道的品牌视觉。,品牌视觉统一 品牌管理,zh-brand-inconsistent,pain
How-To,zh-multi-platform-resize-guide,一张图适配所有平台：再也不用手动调尺寸,How-To,多平台尺寸适配 AI一键适配所有平台教程,从淘宝到抖音到小红书到微信——一张设计图自动生成所有平台尺寸版本。彻底告别手动调整。,多平台尺寸 一键适配,zh-multi-platform-resize,pain
How-To,zh-taobao-main-image-guide,淘宝主图设计规范2026：合规才能有流量,How-To,淘宝主图设计规范 2026合规要求完整指南,淘宝主图总被判定违规？完整的主图设计规范和审核避坑指南。AI生成合规主图一步到位。,淘宝主图规范 主图违规,zh-ecommerce-violation,pain
Best Practice,zh-xiaohongshu-cover-tips,小红书封面点击率提升300%的5个方法,Best Practice,小红书封面设计技巧 提高笔记点击率的方法,小红书封面是流量的第一道门。5个实测有效的高点击率封面设计方法，附AI操作步骤。,小红书封面 封面点击率,zh-xiaohongshu-cover,pain
How-To,zh-ai-video-low-cost,一条AI视频成本不到10元——品牌视频制作新方案,How-To,AI视频制作成本 低成本品牌视频生成教程,品牌视频制作动辄上万？用AI视频生成工具，输入文案自动转视频，成本低至10元。,AI视频成本 低成本视频制作,zh-video-expensive,pain
How-To,zh-ai-tools-domestic,2026年国内可用的AI设计工具推荐清单,How-To,国内可用的AI设计工具 2026年推荐清单,海外AI工具频繁被封怎么办？10款国内可稳定访问的AI设计工具横评推荐。含访问方案。,国内AI工具 可用AI工具,zh-ai-tools-blocked,pain
Best Practice,zh-ai-tools-selection,AI设计工具太多怎么选？7个维度帮你找到最适合的,Best Practice,AI设计工具推荐 哪个AI工具好用选购指南,市面30+款AI设计工具挑花眼？从功能、价格、中文支持、易用性7个维度横评。帮你精准选择。,AI设计工具推荐 哪个AI工具好,zh-too-many-choices,pain
Insight & Trend,zh-outsourcing-vs-ai,设计外包 vs AI：成本效率质量全维度对比,Insight & Trend,设计外包踩坑 AI替代外包方案 成本效率对比,设计外包的沟通成本、改稿周期、质量不可控——和AI设计的全面对比。中国老板都在转向AI。,设计外包替代 AI替代外包,zh-outsourcing-pain,pain
How-To,zh-prompt-guide,中文AI提示词万能公式：10个模板解决90%的设计需求,How-To,AI提示词怎么写 中文Prompt万能公式教程,不会写AI提示词？10个中文Prompt万能公式模板。更简单的是——用Lovart直接说话就能出图。,AI提示词 中文Prompt,zh-prompt-struggle,pain
Insight & Trend,zh-ai-copyright-guide,AI设计版权问题一次讲清楚（2026最新）,Insight & Trend,AI设计版权问题详解 AI生成图能商用吗,用AI做设计有版权风险吗？AI生成图能否商用？各国法律规定是什么？全面解答。,AI设计版权 AI商用授权,zh-ai-copyright,pain
Best Practice,zh-revision-workflow,改稿改到崩溃？AI快速改稿方案让你一次过稿,Best Practice,设计改稿沟通成本 AI快速改稿方案推荐,老板说"感觉不对"又要改？用AI设计工作流，一句话改稿，10倍减少改稿次数。,设计改稿 快速改稿,zh-revision-fatigue,pain
How-To,zh-cross-border-design-guide,跨境电商产品图怎么设计海外用户才买单,How-To,跨境电商设计 多语言产品图设计教程,跨境电商独立站的产品图老外不买单？多语言版本产品图生成教程。适配各国审美风格。,跨境电商设计 多语言产品图,zh-cross-border-design,pain
Comparison,zh-vs-canva-review,Lovart vs 可画Canva深度对比：中国设计师该选哪个,How-To,Lovart vs Canva可画 2026 AI设计工具深度对比,从AI能力、中文支持、价格、模板、团队协作5个维度深度对比Lovart和可画Canva。中国用户怎么选。,lovart vs 可画 canva替代,zh-vs-canva,competitor
Comparison,zh-vs-midjourney-review,Lovart vs Midjourney：AI生图工具怎么选2026,How-To,Lovart vs Midjourney对比 2026 AI生图工具评测,Midjourney和中国用户之间隔着什么？从中文支持、编辑能力、商业授权全维度对比评测。,lovart vs midjourney midjourney替代,zh-vs-midjourney,competitor
Comparison,zh-vs-jimeng-review,Lovart vs 即梦Jimeng：字节跳动AI设计工具横评,How-To,即梦Jimeng vs Lovart 国产AI设计工具横评,字节跳动即梦和Lovart到底谁更强？AI设计能力、品牌管理、多模态生成、价格全维度对比。,lovart vs 即梦 即梦替代,zh-vs-jimeng,competitor
Comparison,zh-10-best-ai-tools-2026,2026年10款最佳AI设计工具横评推荐,How-To,2026年10款最佳AI设计工具推荐 综合排行榜,2026年最值得用的AI设计工具排行榜。横评Lovart/Canva/稿定/即梦/Midjourney等10款。设计必看。,AI设计工具排行 最佳AI工具,zh-best-ai-design-tools,competitor
Comparison,zh-vs-kling-review,Lovart vs 可灵Kling：AI视频生成谁更强,How-To,可灵Kling vs Lovart AI视频生成工具对比评测,快手可灵和Lovart的AI视频能力深度对比：视频质量、编辑能力、角色一致性、价格。,lovart vs 可灵 kling对比,zh-vs-kling,competitor
