group,page_type,slug,storyline_id,h1,seo_title,seo_description,focus_keyword,persona_id,brand,brand_zh,batch
brand,topic,zh-lovart-about,landing-brand-trust,Lovart - 全球首个AI设计智能体,全球首个AI设计智能体 Lovart介绍 - AI设计工具,了解Lovart——全球首个AI设计智能体。从Logo到品牌全案，一次对话搞定。免费试用无需信用卡。,lovart是什么 lovart介绍,generic,Lovart as Brand,Lovart 品牌,B1
brand,topic,zh-lovart-china-guide,landing-trial-now,Lovart 国内使用指南 - 注册·访问·支付全攻略,Lovart国内使用指南 - 注册访问支付完整教程,详细Lovart国内使用指南。包含注册教程、访问方式、支付宝支付、中文界面设置。中国用户快速上手。,lovart国内使用 lovart下载,generic,Lovart as Tool,Lovart 工具,B1
brand,topic,zh-security-privacy,landing-brand-trust,Lovart 数据安全与隐私保护 - 企业级安全标准,Lovart数据安全 - AI设计工具隐私保护标准,了解Lovart的数据安全与隐私保护。企业级加密标准、数据不用于训练、GDPR合规。放心使用AI设计。,lovart数据安全 lovart隐私,enterprise,Lovart as Trust,Lovart 信任,B1
brand,topic,zh-pricing-cn,landing-offer-close,Lovart 定价 - 免费开始 灵活升级,Lovart AI设计工具定价 - 免费版到专业版价格,P0入手Lovart。免费额度无压力试用，Starter起$15/月含商业授权。支持支付宝。按需选择。,lovart价格 lovart付费 lovart支付宝,solo,Lovart as Value,Lovart 价值,B1
brand,topic,zh-enterprise,landing-brand-trust,Lovart 企业版 - 团队AI设计协作平台,Lovart企业版 - 团队AI设计协作与品牌管理,面向企业的AI设计协作平台。团队共享Brand Kit、统一品牌资产管理、批量内容生产。为市场部和设计团队打造。,lovart企业版 团队设计协作,enterprise,Lovart as Platform,Lovart 平台,B1
brand,topic,zh-user-reviews,landing-brand-trust,Lovart 用户评价 - 真实用户怎么说,2026年Lovart用户评价 - 真实体验与评测,来自真实用户的Lovart评测和使用体验。设计师、电商卖家、自媒体人都在用的AI设计智能体。,lovart评价 lovart怎么样,generic,Lovart as Proof,Lovart 口碑,B1
brand,topic,zh-faq,landing-trial-now,Lovart 常见问题 - 从入门到精通,Lovart常见问题 - 使用教程与疑问解答,Lovart常见问题汇总。涵盖注册登录、功能使用、付费订阅、商业授权、技术支持等。快速找到答案。,lovart常见问题 lovart客服,generic,Lovart as Support,Lovart 帮助,B1
brand,topic,zh-pricing-compare,landing-offer-close,Lovart 各版本对比 - 免费/Starter/Basic/Pro哪个适合你,Lovart版本对比 免费版StarterBasicPro价格功能区别,详细对比Lovart免费版、Starter、Basic、Pro四个版本的功能差异、价格对比、适用人群。帮你选对版本。,lovart版本对比 lovart套餐,brand,Lovart as Value,Lovart 价值,B1
pain,topic,zh-cant-design,landing-trial-now,不会设计怎么办？AI设计智能体让你秒变设计师,不会设计怎么办 AI设计零基础入门 - Lovart,不懂设计也能做出专业视觉作品。用Lovart AI设计智能体，描述需求自动生成。无需任何设计基础。,不会设计 设计小白工具,generic,Pain Point,不会设计,B1
pain,topic,zh-designer-expensive,landing-offer-close,请设计师太贵？用AI设计降低成本80%,请设计师太贵 AI设计替代方案 - 节省设计成本,小公司没有预算请设计师？用Lovart AI设计智能体，月费低至$15，产出专业级设计。比外包省90%。,请设计师多少钱 替代设计师方案,smb,Pain Point,设计成本,B1
pain,topic,zh-low-efficiency,landing-trial-now,设计效率低？AI批量出图解放生产力,设计效率提升 AI批量出图 - 提高设计效率10倍,每天加班做图？用Lovart批量设计功能，一次生成100张图。10倍提升设计效率，告别重复劳动。,设计效率 批量出图工具,ecom,Pain Point,设计效率,B1
pain,topic,zh-brand-inconsistent,landing-brand-trust,品牌视觉不统一？一个Brand Kit解决所有渠道,品牌视觉统一管理工具 - Brand Kit品牌资产平台,市场部最头疼的品牌视觉碎片化问题。用Lovart Brand Kit统一管理Logo、色彩、字体，全渠道自动应用。,品牌视觉统一 品牌管理工具,brand,Pain Point,品牌管理,B1
pain,topic,zh-multi-platform-resize,landing-trial-now,多平台尺寸适配太麻烦？一键智能适配所有渠道,多平台尺寸适配 AI一键适配 - 智能尺寸调整,一张设计图要改10个尺寸？Lovart智能适配一键生成所有平台版本。淘宝/抖音/小红书/微信/微博全规格。,多平台尺寸 一键尺寸适配,creator,Pain Point,尺寸适配,B1
pain,topic,zh-ecommerce-violation,landing-trial-now,电商主图总违规？合规设计全攻略,电商主图违规怎么办 电商设计规范合规指南,淘宝天猫主图被判定违规？详情页不合规？用Lovart生成符合电商平台规范的合规主图，提前规避审核风险。,电商主图违规 电商设计规范,ecom,Pain Point,电商合规,B1
pain,topic,zh-xiaohongshu-cover,landing-trial-now,小红书封面没人点？高点击率封面设计方法,小红书封面设计 提高封面点击率的5个方法,小红书封面是流量的第一道门。用Lovart AI设计高点击率笔记封面。实测点击率提升300%。,小红书封面设计 封面点击率,creator,Pain Point,小红书封面,B1
pain,topic,zh-video-expensive,landing-trial-now,视频制作成本太高？AI视频每条不到10元,AI视频制作成本 低成本AI视频生成方案,品牌视频制作动辄上万元。用Lovart AI视频生成，输入文案自动转视频，成本低至10元。适合抖音短视频、产品演示。,AI视频制作成本 低成本视频,creator,Pain Point,视频成本,B1
pain,topic,zh-ai-tools-blocked,landing-trial-now,国内AI工具用不了？这里有稳定解决方案,国内AI工具无法访问解决方案 - 可用的AI设计工具推荐,海外AI工具在国内频繁被封？推荐Lovart——国内可稳定访问的AI设计平台。详细教程教你顺利使用。,AI工具被封 国内可用AI设计工具,generic,Pain Point,工具封锁,B1
pain,topic,zh-too-many-choices,landing-trial-now,AI设计工具太多怎么选？2026选购完全指南,2026年AI设计工具推荐 哪个AI工具好用,市面30+款AI设计工具挑花眼？从功能、价格、中文支持、易用性四个维度横评。帮你选出最适合你的。,,generic,Pain Point,选择困难,B1
pain,topic,zh-outsourcing-pain,landing-offer-close,设计外包不靠谱？AI替代方案评测,设计外包踩坑经历 AI替代外包方案 成本对比,设计外包沟通成本高、改稿慢、质量不可控。Lovart AI设计智能体帮你内部完成设计工作。成本仅外包的1/10。,设计外包踩坑 设计外包替代,brand,Pain Point,外包痛点,B1
pain,topic,zh-prompt-struggle,landing-trial-now,不会写AI提示词？中文Prompt万能公式,AI提示词怎么写 Prompt教程 中文Prompt公式大全,花了99买的Prompt课程都太复杂？Lovart内置AI驱动，不需要写复杂提示词。自然语言描述需求即可出图。,AI提示词怎么写 Prompt教程,generic,Pain Point,Prompt困难,B1
pain,topic,zh-ai-copyright,landing-brand-trust,AI设计版权问题一次讲清楚,AI生成图版权 AI设计版权问题详解 商用合规指南,用AI做设计有版权风险吗？Lovart所有付费方案含商业授权。一文讲清楚AI设计版权法律问题。,AI设计版权 AI生成图商用,enterprise,Pain Point,版权风险,B1
pain,topic,zh-revision-fatigue,landing-trial-now,改稿改到崩溃？AI快速改稿方案,设计改稿沟通成本 AI快速改稿工具推荐,设计改稿10次老板还不满意？用Lovart Touch Edit点触编辑，一句话改稿。改稿效率提升10倍。,设计改稿 AI快速改稿,agency,Pain Point,改稿疲劳,B1
pain,topic,zh-cross-border-design,landing-trial-now,跨境电商设计语言不通？AI多语言设计方案,跨境电商设计 多语言产品图AI生成方案,独立站产品图海外用户不买单？Lovart支持生成多语言版本产品图，自动适配各国审美风格。,跨境电商设计 多语言设计,smb,Pain Point,跨境设计,B1
competitor,topic,zh-vs-canva,landing-vs-competitor,Lovart vs 可画Canva - 谁更适合中国设计师,Lovart vs Canva可画对比 2026年AI设计工具选择,深度对比Lovart和可画Canva。从AI能力、中文支持、价格、模板、协作五个维度。中国用户该选哪个？,lovart vs canva 可画替代,generic,Competitor,Canva,B1
competitor,topic,zh-vs-gaoding,landing-vs-competitor,Lovart vs 稿定设计 - AI设计能力全面对比,Lovart vs 稿定设计对比 AI设计工具选型,稿定设计用户应该升级到Lovart吗？从AI生成能力、定制化程度、品牌管理、输出质量全维度深度对比。,lovart vs 稿定设计 稿定设计替代,smb,Competitor,稿定设计,B1
competitor,topic,zh-vs-chuangkit,landing-vs-competitor,Lovart vs 创客贴 - 在线设计工具对比评测,Lovart vs 创客贴对比 在线AI设计工具推荐,创客贴和海量模板到底哪个好用？从AI生成、模板质量、品牌一致性、团队协作全维度对比评测。,lovart vs 创客贴 创客贴替代,smb,Competitor,创客贴,B1
competitor,topic,zh-vs-midjourney,landing-vs-competitor,Lovart vs Midjourney - AI生图工具怎么选,Lovart vs Midjourney对比 AI生图工具评测,Midjourney出了名难上手？对比Lovart和Midjourney从中文支持、编辑能力、商业授权、价格全方位PK。,lovart vs midjourney midjourney替代,generic,Competitor,Midjourney,B1
competitor,topic,zh-vs-jimeng,landing-vs-competitor,Lovart vs 即梦Jimeng - AI设计产品能力对比,即梦Jimeng vs Lovart对比 国产AI设计工具评测,字节跳动即梦和Lovart到底哪个好用？从AI设计能力、品牌管理、多模态生成、团队协作四个维度深度对比。,lovart vs 即梦 即梦替代,jimeng,generic,Competitor,即梦,B1
competitor,topic,zh-vs-xingliu,landing-vs-competitor,Lovart vs 星流AI - 全方位AI设计能力对决,星流AI vs Lovart 到底哪个更强 - AI设计工具评测,深度分析星流AI和Lovart的差异：AI智能体能力、编辑精准度、品牌一致性、价格。看看谁更适合你的团队。,lovart vs 星流AI 星流替代,generic,Competitor,星流AI,B1
competitor,topic,zh-vs-duiyou,landing-vs-competitor,Lovart vs 堆友 - 阿里巴巴AI设计工具对比,堆友 vs Lovart对比 你觉得哪个更好用,阿里巴巴堆友和Lovart到底怎么选？从AI设计质量、素材库、品牌工具、工作流整合四个维度横向对比。,lovart vs 堆友 堆友替代,generic,Competitor,堆友,B1
competitor,topic,zh-vs-tongyi,landing-vs-competitor,Lovart vs 通义万相 - 阿里AI设计能力对比,通义万相 vs Lovart 阿里AI设计工具到底行不行,阿里通义万相和Lovart谁更强？从文生图、文生视频、编辑能力、商业应用、易用性五维度深度评测。,lovart vs 通义万相 通义万相替代,generic,Competitor,通义万相,B1
competitor,topic,zh-vs-kling,landing-vs-competitor,Lovart vs 可灵Kling - AI视频生成谁更强,可灵Kling vs Lovart AI视频生成工具深度对比,快手可灵和Lovart到底哪个AI视频生成能力强？从视频质量、编辑能力、角色一致性、价格全维度对比。,lovart vs 可灵 可灵替代 kling替代,generic,Competitor,可灵Kling,B1
competitor,topic,zh-vs-fotor,landing-vs-competitor,Lovart vs Fotor - AI设计能力对比评测,Fotor vs Lovart对比 谁才是更好的AI设计工具,Fotor用户应该转Lovart吗？从AI生成、编辑能力、品牌管理、多语言支持全面对比。中国用户选哪？,lovart vs fotor fotor替代,generic,Competitor,Fotor,B1
competitor,topic,zh-best-ai-design-tools,landing-vs-competitor,2026年10款最佳AI设计工具横评推荐,2026年10款最佳AI设计工具推荐 综合排名横评,2026年最值得用的AI设计工具综合排行榜。横评Lovart、Canva、Midjourney、稿定设计、即梦等10款。设计师必看。,AI设计工具推荐 最佳AI设计工具,generic,Competitor,综合排名,B1
