rank,tier,priority_score,gsc_clicks_28d,gsc_impr_28d,lang,slug,url,other_langs,has_source,lane,status
1,P0,1682,7,982,en,lovart-openclaw-slack-team-chat-design,https://www.lovart.ai/blog/lovart-openclaw-slack-team-chat-design,,N,signal-new,ready
2,P0,1636,9,736,en,instagram-carousel-ai,https://www.lovart.ai/blog/instagram-carousel-ai,,N,signal-new,ready
3,P0,1516,3,1216,en,complete-guide-image-upscaling-resolution-ai,https://www.lovart.ai/blog/complete-guide-image-upscaling-resolution-ai,"es,fr,ja,ru,zh",Y,how-to,ready
4,P0,1461,12,261,zh-TW,how-to-generate-cinematic-video-prompts,https://www.lovart.ai/zh-TW/blog/how-to-generate-cinematic-video-prompts,"de,en,es,fr,it,ja,ko,pt,ru,zh",Y,zh-rewrite,ready
5,P0,1408,1,1308,en,the-best-ai-design-agent-for-beginners,https://www.lovart.ai/blog/the-best-ai-design-agent-for-beginners,"de,fr,ko,zh",Y,how-to,ready
6,P0,1367,9,467,zh-TW,complete-guide-ai-face-retouching-portrait-editing,https://www.lovart.ai/zh-TW/blog/complete-guide-ai-face-retouching-portrait-editing,"de,en,es,fr,ko,pt,ru,zh",Y,zh-rewrite,ready
7,P0,1331,4,931,en,seedance-2-0-free-guide,https://www.lovart.ai/blog/seedance-2-0-free-guide,"de,es,fr,it,ja,ko,pt,ru,zh",Y,how-to,ready
8,P0,1314,11,214,zh,lovart-behind-the-scenes-team-story,https://www.lovart.ai/zh/blog/lovart-behind-the-scenes-team-story,,N,signal-new,ready
9,P0,1270,6,670,en,how-to-create-student-id-card-ai,https://www.lovart.ai/blog/how-to-create-student-id-card-ai,,N,signal-new,ready
10,P0,1267,6,667,en,b2-how-to-animate-photos-bring-to-life-ai,https://www.lovart.ai/blog/b2-how-to-animate-photos-bring-to-life-ai,it,Y,how-to,ready
11,P0,1242,7,542,en,openart-ai-alternatives,https://www.lovart.ai/blog/openart-ai-alternatives,"de,es,fr,it,ja,ko,pt,ru,zh,zh-TW",Y,review,ready
12,P0,1238,8,438,zh-TW,ai-voice-text-to-speech-guide-2026,https://www.lovart.ai/zh-TW/blog/ai-voice-text-to-speech-guide-2026,"es,it,ja,ko,pt,ru,zh",Y,zh-rewrite,ready
13,P0,1181,5,681,en,pollo-ai-review,https://www.lovart.ai/blog/pollo-ai-review,"de,es,ja,ko,pt,ru,zh,zh-TW",Y,review,ready
14,P0,1144,0,1144,en,lovart-official-authentic-design-ai-agent-guide,https://www.lovart.ai/blog/lovart-official-authentic-design-ai-agent-guide,,N,signal-new,ready
15,P0,1057,3,757,ko,wan-2-1-ai-review,https://www.lovart.ai/ko/blog/wan-2-1-ai-review,"de,en,ja,zh,zh-TW",Y,i18n-rewrite,ready
16,P0,1048,7,348,en,ai-poster-optimization-tutorial,https://www.lovart.ai/blog/ai-poster-optimization-tutorial,"de,es,fr,it,ja,pt,ru,zh-TW",Y,how-to,ready
17,P0,1027,2,827,zh-TW,ai-powered-design-agent-for-creators,https://www.lovart.ai/zh-TW/blog/ai-powered-design-agent-for-creators,"en,es,it,ko,pt,ru,zh",Y,zh-rewrite,ready
18,P0,999,9,99,zh-TW,design-trends-2027,https://www.lovart.ai/zh-TW/blog/design-trends-2027,"en,fr,ko,pt,ru,zh",Y,zh-rewrite,ready
19,P0,995,5,495,pt,leonardo-ai-review,https://www.lovart.ai/pt/blog/leonardo-ai-review,"fr,ja,ko,zh,zh-TW",Y,i18n-rewrite,ready
20,P0,991,5,491,en,seedream-5-lite-vs-nano-banana-2-best-ai-image-generator,https://www.lovart.ai/blog/seedream-5-lite-vs-nano-banana-2-best-ai-image-generator,"de,es,zh,zh-TW",Y,review,ready
