0,1,2,3,4,5,6,7,8
7,2026-05-31,Brazil,94599,36451,20426,439.2257504209135,8.804966225858625,8.22524550999482
2,2026-05-31,China,246329,49310,11581,408.39474237612706,5.405096436067211,17.3873153384295
9,2026-05-31,Egypt,37976,12284,7094,446.2533720908996,7.266141773751843,10.746260796292395
3,2026-05-31,Hong Kong,159277,33590,8151,411.877509465943,6.361452061502916,14.314684480496243
5,2026-05-31,India,107277,46221,34029,414.6230162033334,7.455027638729644,12.29434081862841
4,2026-05-31,Japan,140079,34992,11263,397.2487084615967,5.418849363573412,15.095767388402258
10,2026-05-31,Pakistan,34041,12237,8697,459.34913888040893,6.38509444493405,11.280514673481976
6,2026-05-31,Singapore,98612,22625,4665,395.61748791444245,5.2204092808177505,13.881677686285645
8,2026-05-31,Taiwan,67175,16909,5096,433.77772984474876,5.632125046520283,14.679568291775213
1,2026-05-31,United States,249424,51870,14759,416.13009250900075,5.660197094104817,14.284110590801205
