0,1,2,3,4,5,6
14,2026-05-31,arg,6811,24973,27.3,6.5
18,2026-05-31,bgd,6408,33853,18.9,6.2
1,2026-05-31,bra,63279,216268,29.3,5.5
10,2026-05-31,chn,8387,89059,9.4,2.9
20,2026-05-31,col,6198,21053,29.4,5.7
11,2026-05-31,dza,8273,24615,33.6,4.2
3,2026-05-31,egy,22199,55938,39.7,4.6
15,2026-05-31,esp,6746,38418,17.6,5.9
12,2026-05-31,hkg,7515,79263,9.5,3.1
9,2026-05-31,idn,9112,66446,13.7,6.5
2,2026-05-31,ind,59577,313168,19.0,5.7
13,2026-05-31,irn,7024,18108,38.8,4.5
7,2026-05-31,jpn,11930,140254,8.5,6.2
8,2026-05-31,mar,9452,29175,32.4,5.4
5,2026-05-31,mex,17705,50708,34.9,4.8
4,2026-05-31,pak,19278,56860,33.9,5.5
16,2026-05-31,rus,6673,59150,11.3,9.6
17,2026-05-31,tur,6464,32278,20.0,6.1
19,2026-05-31,twn,6235,88615,7.0,5.6
6,2026-05-31,usa,16348,969442,1.7,7.8
