0,1,2,3,4,5,6,7
1,2026-05-31,lovart,135521,439886,30.8,1.0,brand
2,2026-05-31,lovart ai,128765,243122,53.0,1.1,brand
3,2026-05-31,loveart,30020,65241,46.0,1.0,brand
4,2026-05-31,loveart ai,14220,31666,44.9,1.0,brand
5,2026-05-31,love art,7584,19571,38.8,1.9,brand
6,2026-05-31,love art ai,6127,13503,45.4,1.1,brand
7,2026-05-31,lovart.ia,3453,6715,51.4,1.1,brand
8,2026-05-31,lovart ia,3446,7255,47.5,1.1,brand
9,2026-05-31,lovert,2295,7531,30.5,1.1,brand
10,2026-05-31,لوفارت,2026,2382,85.1,1.0,nonbrand
11,2026-05-31,lovart.ai,1831,4553,40.2,1.1,brand
12,2026-05-31,lovat,1612,4592,35.1,3.6,nonbrand
13,2026-05-31,lavart,1272,4237,30.0,1.6,brand
14,2026-05-31,love ai,1210,9594,12.6,3.1,nonbrand
15,2026-05-31,lovart ai free,1199,3028,39.6,1.0,brand
16,2026-05-31,louvart,1177,1532,76.8,1.1,nonbrand
17,2026-05-31,lovartai,1120,3133,35.7,1.0,nonbrand
18,2026-05-31,lovar,937,4845,19.3,2.9,nonbrand
19,2026-05-31,lovert ai,817,1808,45.2,1.0,brand
20,2026-05-31,lovard,813,1170,69.5,1.4,nonbrand
21,2026-05-31,loveart.ai,749,2106,35.6,2.5,brand
22,2026-05-31,ловарт,728,1215,59.9,1.0,nonbrand
23,2026-05-31,lover ai,723,1824,39.6,2.1,nonbrand
24,2026-05-31,lovart login,706,1154,61.2,1.2,brand
25,2026-05-31,lovaart,657,981,67.0,1.1,nonbrand
26,2026-05-31,lov art,638,1396,45.7,1.0,nonbrand
27,2026-05-31,loveai,529,3270,16.2,3.3,nonbrand
28,2026-05-31,loveart ai free,513,936,54.8,1.0,brand
29,2026-05-31,lavort,474,1669,28.4,1.2,nonbrand
30,2026-05-31,لوفارت ai,472,588,80.3,1.0,nonbrand
31,2026-05-31,louvart ia,431,794,54.3,1.1,nonbrand
32,2026-05-31,loveartai,381,1178,32.3,1.0,nonbrand
33,2026-05-31,loart,378,2279,16.6,1.1,nonbrand
34,2026-05-31,lovert.ai,371,809,45.9,1.0,brand
35,2026-05-31,ラブアート,360,1073,33.6,1.4,nonbrand
36,2026-05-31,love ia,349,1554,22.5,2.6,nonbrand
37,2026-05-31,lobart,345,785,43.9,1.6,nonbrand
38,2026-05-31,luvart,342,1117,30.6,1.8,nonbrand
39,2026-05-31,لوف ارت,329,391,84.1,1.0,nonbrand
40,2026-05-31,lov art ai,311,781,39.8,1.5,nonbrand
41,2026-05-31,lovart ai login,290,591,49.1,1.0,brand
42,2026-05-31,nano banana free,289,12580,2.3,8.2,brand
43,2026-05-31,lovarte,288,733,39.3,1.4,nonbrand
44,2026-05-31,nano banana pro free,288,5128,5.6,7.9,brand
45,2026-05-31,lovart. ai,287,452,63.5,1.0,brand
46,2026-05-31,lovarr,282,474,59.5,1.1,nonbrand
47,2026-05-31,لوفرت,276,328,84.1,1.0,nonbrand
48,2026-05-31,lovatt,274,658,41.6,2.8,nonbrand
49,2026-05-31,loveart ia,263,719,36.6,1.1,brand
50,2026-05-31,lovart ai مجاني,260,615,42.3,1.0,brand
51,2026-05-31,loverart,255,963,26.5,1.0,nonbrand
52,2026-05-31,lovart 官网,254,1472,17.3,1.0,brand
53,2026-05-31,lovary,254,549,46.3,1.8,nonbrand
54,2026-05-31,lovart ai gratis,229,783,29.2,1.2,brand
55,2026-05-31,lovert ia,228,374,61.0,1.0,brand
56,2026-05-31,لوفرت ai,220,258,85.3,1.0,nonbrand
57,2026-05-31,lova art,218,415,52.5,1.0,nonbrand
58,2026-05-31,lo v a r t,212,2692,7.9,1.0,nonbrand
59,2026-05-31,loveart.ia,209,606,34.5,1.2,brand
60,2026-05-31,locart,200,1469,13.6,3.9,nonbrand
61,2026-05-31,lovart.ai/home,196,317,61.8,1.0,brand
62,2026-05-31,lovartia,195,268,72.8,1.0,brand
63,2026-05-31,lovat ia,189,272,69.5,1.1,nonbrand
64,2026-05-31,lovart ai app,187,423,44.2,1.0,brand
65,2026-05-31,لوارت,186,258,72.1,1.3,nonbrand
66,2026-05-31,veo 3.1 free,183,7055,2.6,7.0,nonbrand
67,2026-05-31,lovart app,180,503,35.8,1.1,brand
68,2026-05-31,art ai,176,6106,2.9,5.9,nonbrand
69,2026-05-31,lovart pricing,172,395,43.5,1.2,brand
70,2026-05-31,lowart,170,558,30.5,2.3,nonbrand
71,2026-05-31,lovaet,168,431,39.0,1.0,nonbrand
72,2026-05-31,iloveart,162,354,45.8,1.5,nonbrand
73,2026-05-31,ラブアート ai,162,341,47.5,1.1,nonbrand
74,2026-05-31,livart,160,661,24.2,3.8,nonbrand
75,2026-05-31,loveia,157,534,29.4,2.5,nonbrand
76,2026-05-31,loverat,156,282,55.3,2.0,nonbrand
77,2026-05-31,lovar.ia,150,231,64.9,1.0,nonbrand
78,2026-05-31,lovart ai home,149,212,70.3,1.0,brand
79,2026-05-31,lovart.,146,378,38.6,1.0,brand
80,2026-05-31,www.lovart.ia,146,1096,13.3,1.0,brand
81,2026-05-31,اسم الموقع lovart ai,141,248,56.9,1.0,brand
82,2026-05-31,lavert,140,430,32.6,2.7,nonbrand
83,2026-05-31,veo 3.1,139,16323,0.9,9.2,nonbrand
84,2026-05-31,lovai,138,560,24.6,2.4,nonbrand
85,2026-05-31,سایت lovart,135,170,79.4,1.0,brand
86,2026-05-31,flora ai,133,51148,0.3,7.5,nonbrand
87,2026-05-31,is lovart ai free,133,405,32.8,1.3,brand
88,2026-05-31,lover ia,133,249,53.4,1.2,nonbrand
89,2026-05-31,lovart ai review,131,314,41.7,2.7,brand
90,2026-05-31,هوش مصنوعی lovart ai,131,214,61.2,1.0,brand
91,2026-05-31,lovart google,130,185,70.3,1.0,brand
92,2026-05-31,nano banana pro free unlimited,129,2315,5.6,7.1,brand
93,2026-05-31,lavart ai,128,291,44.0,1.0,brand
94,2026-05-31,i love art,126,697,18.1,3.1,brand
95,2026-05-31,لاوارت,124,145,85.5,1.0,nonbrand
96,2026-05-31,lorvat,122,200,61.0,1.0,nonbrand
97,2026-05-31,lovrat,122,388,31.4,1.0,nonbrand
98,2026-05-31,lovat ai,121,376,32.2,1.0,nonbrand
99,2026-05-31,学生証作成 メーカー,121,508,23.8,3.2,nonbrand
100,2026-05-31,lovant,119,356,33.4,2.9,nonbrand
