rank,priority_score,gsc_clicks_28d,gsc_impr_28d,lang,slug,url,other_langs,has_source,lane,status
1,569,4,169,zh-TW,01-pillar-ai-video-generation-101,https://www.lovart.ai/zh-TW/blog/01-pillar-ai-video-generation-101,"it,ja,pt,ru",Y,zh-rewrite,published
2,569,2,369,zh-TW,medeo-ai-review-2025-ai-video-creation-platform-features-and-verdict,https://www.lovart.ai/zh-TW/blog/medeo-ai-review-2025-ai-video-creation-platform-features-and-verdict,"de,es,fr,ja,ko,pt,zh",Y,zh-rewrite,published
3,554,5,54,zh-TW,ai-design-for-architecture-firms-2026,https://www.lovart.ai/zh-TW/blog/ai-design-for-architecture-firms-2026,"de,en,es,it,ko,pt,zh",Y,zh-rewrite,published
4,546,4,146,en,product-catalogue-ai-guide,https://www.lovart.ai/blog/product-catalogue-ai-guide,"de,es,fr,it,ja,ko,pt,ru,zh-TW",Y,how-to,published
5,535,2,335,en,lovart-mwm-graphics-design-app-spanish-edition,https://www.lovart.ai/blog/lovart-mwm-graphics-design-app-spanish-edition,"de,fr,ja,pt,ru,zh",Y,how-to,published
6,525,1,425,it,02-wiki-custom-skills-guide,https://www.lovart.ai/it/blog/02-wiki-custom-skills-guide,en,Y,i18n-rewrite,published
7,510,4,110,zh-TW,ai-price-list-maker-small-business,https://www.lovart.ai/zh-TW/blog/ai-price-list-maker-small-business,"de,en,es,fr,it,ja,ko,pt,ru,zh",Y,zh-rewrite,published
8,503,2,303,en,best-logo-design-platform,https://www.lovart.ai/blog/best-logo-design-platform,"es,fr,ja,ko,pt,ru,zh,zh-TW",Y,how-to,published
9,496,4,96,en,lovart-behind-the-scenes-team-story,https://www.lovart.ai/blog/lovart-behind-the-scenes-team-story,,N,signal-new,published
10,491,1,391,en,pixlr-ai-image-generator-review,https://www.lovart.ai/blog/pixlr-ai-image-generator-review,"de,es,ja,ko,pt,zh",Y,review,published
11,490,3,190,zh,github-lovart-unlocker-open-source-tool,https://www.lovart.ai/zh/blog/github-lovart-unlocker-open-source-tool,"fr,ja,ko,pt,zh-TW",Y,zh-rewrite,published
12,485,2,285,zh,lovart-ai-on-aitop100-one-stop-design-platform,https://www.lovart.ai/zh/blog/lovart-ai-on-aitop100-one-stop-design-platform,"de,fr,ko,pt,ru,zh-TW",Y,zh-rewrite,published
13,473,3,173,zh,how-to-design-posters-ai-guide,https://www.lovart.ai/zh/blog/how-to-design-posters-ai-guide,"de,en,es,fr,ja,ko,zh-TW",Y,zh-rewrite,published
14,472,1,372,en,vidu-ai-review,https://www.lovart.ai/blog/vidu-ai-review,"de,es,fr,ja,ko,pt,ru,zh,zh-TW",Y,review,published
15,465,3,165,zh,step-by-step-illustration-without-photoshop,https://www.lovart.ai/zh/blog/step-by-step-illustration-without-photoshop,"de,en,es,fr,ja,ko,pt,ru,zh-TW",Y,zh-rewrite,published
16,441,1,341,it,6-best-ai-character-consistency-tools-2026,https://www.lovart.ai/it/blog/6-best-ai-character-consistency-tools-2026,en,Y,i18n-rewrite,published
17,427,3,127,zh-TW,complete-guide-ai-clipart-vector-illustration,https://www.lovart.ai/zh-TW/blog/complete-guide-ai-clipart-vector-illustration,"de,es,fr,ja,ko,pt,ru,zh",Y,zh-rewrite,published
18,415,3,115,en,ai-character-design,https://www.lovart.ai/blog/ai-character-design,"de,es,fr,it,ja,ko,pt,ru,zh,zh-TW",Y,how-to,published
19,413,3,113,zh,figma-vs-ai-design-agents,https://www.lovart.ai/zh/blog/figma-vs-ai-design-agents,"de,en,fr,ru,zh-TW",Y,zh-rewrite,published
20,406,3,106,de,ai-vs-human-design-can-you-tell-difference,https://www.lovart.ai/de/blog/ai-vs-human-design-can-you-tell-difference,"es,it,ja,zh",Y,i18n-rewrite,published
